CONSTANT,VALUE,STATUS,CORPUS_CLAIM
c (speed of light),"299792458 m/s (exact, by SI definition)",DEFINED/MEASURED (external),none found claiming to derive c
hbar (reduced Planck constant),"1.054571817e-34 J s (exact, by SI definition since 2019)",DEFINED/MEASURED (external),none found claiming to derive hbar
G (Newton's gravitational constant),"6.674e-11 m^3 kg^-1 s^-2 (measured, least precisely known SI constant)",MEASURED (external),none found claiming to derive G from first principles
k_B (Boltzmann constant),"1.380649e-23 J/K (exact, by SI definition)",DEFINED (external),none found
alpha (fine-structure constant),"1/137.035999... (measured, CODATA)","MEASURED (external); CLAIMED-DERIVED BY DTC COMPILER.docx, THAT CLAIM FALSIFIED THIS CAMPAIGN","DTC COMPILER.docx section 5.1: alpha=Vol(S^1)/Vol(CP^2)=4/pi, then asserted (non-sequitur, no connecting steps shown) to equal 137.035999^-1 -- directly recomputed and rejected this campaign; DTC_Rosetta_Stone_TOE_v2.docx section 10 explicitly and separately states alpha is NOT derived by this same research program, corroborating the rejection"
m_e (electron mass),"9.10938e-31 kg (measured, CODATA)","MEASURED (external); CLAIMED-DERIVED BY DTC COMPILER.docx, THAT CLAIM REJECTED THIS CAMPAIGN AS REVERSE-FIT","DTC COMPILER.docx section 5.2: lambda_1=m_e/M_Planck=4.18575e-23, claimed as a Laplace-Beltrami eigenvalue from 'hypergraph topological twists' with no operator or boundary-condition computation shown; numerically consistent with having simply been computed as m_e/M_Planck from the two already-known measured constants"
M_Planck (Planck mass),"2.17643e-8 kg (derived from G, c, hbar -- a combination, not independently measured)","DERIVED (external, from G/c/hbar, standard)","used as an input by DTC COMPILER.docx and SEIT v2, not itself claimed as newly derived"
Lambda_QCD (QCD confinement scale),"~0.2 GeV (measured/fitted, scheme-dependent)",MEASURED/FITTED (external),"used as an input to SEIT v2's axion-mass prediction, not itself claimed as newly derived"
n_s (CMB scalar spectral index),"0.965 (measured, Planck satellite)",MEASURED (external),"used as an input to SEIT v2's N_sub=4.7619 claim; the n_s->N_sub connecting formula was not located in the excerpt read this campaign, so whether N_sub is genuinely derived from n_s or reverse-fit could not be determined either way"
