source_id,filename,source_class,branch,section,equation_identifier,equation_text,variables,assumptions,dependencies,claimed_result,current_status,canonical_match,external_match,executable,verification_status,falsification_status,promotion_candidate
MEC-0,Master Equation Codex.pdf,B (grandiose-synthesis),Primitive/Spectral,0-1,0.1-1.4,U={Delta_i}; A=(A_ij); D=diag(d_i); L=D-A; L psi_n=lambda_n psi_n; J_L^2=L (Dirac-op-as-sqrt(L)),"N distinctions, adjacency A, degree D, Laplacian L, eigenpairs (lambda_n,psi_n)",A universal distinction graph is the sole primitive input; not independently justified,none (postulated root),graph->Laplacian->spectrum cascade as the foundation of all physics,"PARTIALLY EXECUTED (in this project's own code, not by this document)","GRAPH-G-SEED->OPERATOR-L->SPECTRUM-L (Test1 pipeline, VERIFIED)","standard spectral graph theory (Chung, 1997)","YES (already implemented, compiler/backends/graph_laplacian.py)","Sections 0-1's mathematical content (L=D-A, eigenproblem) is standard, correct spectral graph theory and IS already independently reconstructed and executed in this project's Test1 pipeline -- but that reconstruction is prior work, not new work this campaign attributes to this document. Calling the square-root L^(1/2) a 'Dirac operator' (eq 1.3) is an unsubstantiated physics-interpretation claim: a positive operator's functional square root is standard math, but nothing shown establishes Clifford-algebra/spinor structure to justify the physical name.","not falsified (the graph/Laplacian/spectrum content is mathematically sound); the 'Dirac operator' naming is unsupported, not falsified",NO new promotion -- already covered by existing canonical Test1 nodes
MEC-3,Master Equation Codex.pdf,B (grandiose-synthesis),Geometry,3,3.1-3.6,"d(i,j)=[sum_{n in Pi}|psi_n(i)-psi_n(j)|^2]^(1/2); g_ij=lim_{x'->x} d^2 d/dx^i dx'^j; Gamma,R,G_munu standard GR formulas","diffusion distance d(i,j), metric g_ij, Christoffel Gamma, Riemann R, Einstein G_munu","a smooth embedding x(i) of graph nodes into continuous coordinates already exists, prior to differentiating d(i,j) w.r.t. x",MEC-0 spectral cascade,spacetime metric and curvature emerge purely from graph spectral distance,MATHEMATICALLY ILL-POSED AS WRITTEN,"METRIC-CANDIDATE (Test2 pipeline, CONDITIONAL -- exactly for this reason)",diffusion-map / Laplacian-eigenmap literature (Coifman-Lafon 2006),NO,"Eq 3.2 differentiates a discrete node-pairwise distance d(i,j) with respect to continuous coordinates x^i that are never defined -- this presupposes the very embedding this project's own Test2 pipeline found to be non-unique (METRIC-CANDIDATE, CONDITIONAL). The document does not acknowledge or resolve this; it is stated as a completed step.","the specific written equation is not well-formed (undefined x^i), which this campaign treats as a failed reconstruction attempt, not a proof of falsity of the general idea",NO
MEC-5,Master Equation Codex.pdf,B (grandiose-synthesis),Gauge/Standard Model,5,5.3,G = Aut(O) x Spin(8) superset SU(3)_C x SU(2)_L x U(1)_Y,"octonion automorphism group Aut(O), Spin(8), gauge group G",'the automorphism structure of the eigenspace's Clifford-octonionic scaffolding' selects this specific group -- no construction of that scaffolding from MEC-0/1's actual graph/Laplacian objects is shown,"MEC-0/1 spectral cascade (claimed, not constructed)",Standard Model gauge group emergent from spectral eigenspace automorphisms,"BARE ASSERTION, NO DERIVATION FOUND","T2-HISTORICAL (PROPOSED, already registered in compiler/historical/register.py with identical finding)","octonion/Spin(8) route to the Standard Model is a real research direction in the literature (e.g. Furey, Dixon) but this document does not reproduce or cite that literature's actual construction",NO,"Corpus-wide search (this project's own compiler/historical/register.py, independently re-confirmed by grep this campaign) found no executable derivation, proof object, or numerical artifact anywhere in the repository backing this claim. This is a restatement of the DTC COMPILER.docx section 4 claim already registered as T2-HISTORICAL.",not falsified (never derived to a testable form),NO
MEC-6,Master Equation Codex.pdf,B (grandiose-synthesis),Quantum,6,6.1-6.4,i hbar dPsi/dt = H Psi (asserted continuum limit of L psi_n=lambda_n psi_n),"Schrodinger wavefunction Psi, Hamiltonian H",the discrete graph eigenproblem has a well-defined continuum limit reproducing the Schrodinger equation,MEC-0/1,quantum mechanics is the continuum limit of the graph spectral problem,"ASSERTED, CONTRADICTED BY THIS PROJECT'S OWN FC-005 RESULT","CONTINUUM-LIMIT-L-DESI (FAIL/RETRIABLE, frozen)",n/a,NO (as a general claim),"This project's own rigorously executed FC-005 investigation (real DESI data, sparse N-scaling to N=64,000) found genuine discrete-to-continuum convergence for only the lowest ~4 of 15 tested modes even in the best case, and explicit non-convergence for the rest -- the opposite of a general, clean continuum limit. The document's one-line assertion 'Eq 6.2 is the continuum limit of Eq 1.2' does not hold as a general, unconditional statement given this project's own empirical finding.",CONTRADICTED by this project's own FC-005 execution for the general/unconditional form of the claim,NO
MEC-7,Master Equation Codex.pdf,B (grandiose-synthesis),Thermodynamic,7,7.1-7.4,R=e^{-beta L} <-> Boltzmann weight e^{-beta E},"recursion parameter beta, energy E",the graph heat-kernel parameter beta is physically identifiable with inverse temperature,MEC-0/1/2,thermodynamics is the macroscopic face of spectral diffusion dynamics,"LOOSE ANALOGY, NOT DERIVED",THERMODYNAMICS-NODE (OPEN),heat-kernel/partition-function analogy is standard in spectral graph theory but the physical-temperature identification is not derived here,NO,The document itself uses the word 'mirrors' rather than 'derives' for this correspondence -- an honest hedge the campaign preserves; no equation connects the graph's own beta to any independently measurable physical temperature.,not falsified (not asserted strongly enough to test),NO
DTC-FS-1,DTC_Formal_Structure.docx,"B-rigorous (self-critical, checkable)",Symmetry,II,Constraint Necessity Theorem,"A freely generated category D (every morphism, including identifying/collapsing ones, admissible) has no non-trivial invariant distinguishing any two objects","category D, subcategory C, objects A,B",D contains at least 2 non-isomorphic objects; 'freely generated' means literally every conceivable morphism (including collapsing ones) is admissible,none (self-contained category-theory result),persistent distinguishable structure requires non-trivial constraint,"PROVED (genuine, checkable, narrow theorem)",none in current MDCL,"essentially a restatement of the definition of a freely-generated category having no non-trivial functorial invariants -- a correct, if modest, category-theory fact",not applicable (pure abstract-algebra statement),"Independently re-derived by inspection this campaign: the proof is a direct, valid consequence of the definitions given (a category with every morphism, including arbitrary identifications, available has by construction no property preserved by all morphisms). This is the single cleanest genuinely-proved result located anywhere in the historical corpus.","SURVIVES -- correct as stated, though narrower than the document's own predecessor (Document 3) had informally claimed, which the document itself flags","CANDIDATE for registration as an external-mathematics reference (category theory), not as UOC-original physics"
DTC-FS-2,DTC_Formal_Structure.docx,"B-rigorous (self-critical, checkable)",Symmetry/Conservation,III,Generalized Noether Conjecture (GNC),"conjectured: for any (D,T,C) system, a retained quantity R exists as a consequence of C alone","constraint subcategory C, retained quantity R","would require C to carry continuous/variational structure analogous to a Lagrangian symmetry group, which is not guaranteed for an arbitrary C",DTC-FS-1,ordinary Noether's theorem is recovered EXACTLY as the special case where C carries a continuous Lie symmetry and a variational structure; the general conjecture (C->R for ANY constraint structure) is explicitly NOT proved,"OPEN (explicitly, honestly, by the document's own author)",NOETHER-SYMMETRY / CONSERVATION-LAW (not registered),"Noether's theorem itself is, of course, established physics/mathematics -- correctly and exactly recovered, with no distortion, per the document's own careful statement",not applicable,"Independently confirmed this campaign: the document correctly identifies that Noether's proof requires a continuous Lie symmetry and a variational (Lagrangian) structure, neither of which a generic constraint subcategory C is guaranteed to carry -- so the promised generalization beyond ordinary physics does not go through, and the document says so explicitly rather than papering over it.","the GENERAL conjecture remains an open, unproved conjecture (honestly labeled as such); the CONSERVATIVE special case is simply ordinary Noether's theorem, not new content",NO new promotion (Noether's theorem is already established external physics; the generalization attempt did not succeed)
DTC-FS-3,DTC_Formal_Structure.docx,"B-rigorous (self-critical, checkable)",Primitive,IV,Option A / Option B (self-reference),n/a (no equation; a question about whether investigator and investigated share necessary categorical structure),n/a,"would require an independently-specified (D,T,C) decomposition of cognition itself, not smuggled in from the conclusion it would support",DTC-FS-1/2,whether the framework's applicability to physics and to inquiry itself is a necessary identity or a contingent coincidence,"EXPLICITLY UNRESOLVED, EXPLICITLY FLAGGED AS CIRCULAR IF ATTEMPTED NAIVELY",SELECTION-SIGMA (OPEN -- structurally the same 'cannot independently pin down the selector' obstruction),"n/a (self-referential/philosophy-of-mind question, not a physics claim)",not applicable,"The document's own diagnosis -- 'a derivation from C to R cannot be carried out, even in principle, if C has not been pinned down independently of the R it is meant to produce' -- is the exact quote already registered in this project's canonical registry as DTC-CIRCULARITY-OBSTRUCTION (CONDITIONAL status), independently re-confirmed verbatim this campaign.","not applicable (an acknowledged open problem, not a tested claim)",NO
DTC-RP4-1,DTC-RP-004_Forced_vs_Free.docx,B-rigorous (self-falsification test),Quantum/Gravity,2-4,Tr(Y^4)/Tr(Y^2)^2 forcing-test,"Tr(Y^4)/Tr(Y^2)^2 = (m_t^4+m_b^4+m_tau^4)/(m_t^2+m_b^2+m_tau^2)^2, evaluated = 0.9986 (measured masses) / 1 (top-dominance limit); tested against the grammar's own candidate coefficient gamma in dPhi/dt=alphaJ-betaPhi-gammaPhi^3+D Phi nabla^2 Phi","Yukawa trace ratio, fermion masses m_t/m_b/m_tau, grammar coefficient gamma","standard relation y^f=sqrt(2)m^f/v between Yukawa couplings and fermion masses (real, established)","external: Chamseddine-Connes-Marcolli 2007/2012 spectral Standard Model (real, published physics)","tests whether the author's own (D,T,C)-grammar coefficient gamma is 'forced' (determined by the same spectral data that fixes the real Higgs quartic coupling lambda_H) or merely decorative/free","NEGATIVE RESULT, HONESTLY REPORTED BY THE DOCUMENT'S OWN AUTHOR","none (self-test of a prior document in this same corpus, 'Executive Summary')","the historical Chamseddine-Connes-Marcolli 2007 Higgs-mass prediction (~170 GeV), its 2012 falsification by the 125 GeV LHC discovery, and the same-year published correction (JHEP 2012, 'Resilience of the Spectral Standard Model') are real, verifiable physics history, correctly and accurately stated","the Tr(Y^4)/Tr(Y^2)^2 computation is executable (document states it was run in SymPy; not independently re-executed by this campaign, but the arithmetic is standard and plausible)","This campaign independently confirms the historical claim (Chamseddine-Connes-Marcolli's 2007 prediction and 2012 correction are real, documented physics history) and confirms the logical structure of the test is sound: a forced parameter changes the prediction when the input data changes; a free parameter does not. The document's own conclusion -- that the grammar's gamma is NOT forced, because the paper's own headline cube-root scaling prediction Phi*~J^(1/3) is independent of gamma's value -- is a correctly reasoned, self-critical negative finding.","the tested correspondence (grammar coefficient gamma <-> NCG Higgs quartic term) is FALSIFIED by the document's own test, honestly reported as such","NO (this is itself a negative result -- nothing to promote, and the document correctly does not claim otherwise)"
DTC-C-5.1,DTC COMPILER.docx,"B (grandiose-synthesis, contains a falsified numerical claim)",Constants,5.1,alpha = Vol(S^1)/Vol(CP^2),"alpha = 2 pi / (pi^2/2) = 4/pi [then, asserted without derivation:] alpha^-1 ~ 137.035999","fine-structure constant alpha, S^1 and CP^2 topological volumes",an unstated 'localized normalization scale of the running coupling constant at low energy bounds' bridges 4/pi to 137.035999,none shown,"the fine-structure constant is an exact geometric ratio, eliminating this as a free parameter of physics",ARITHMETICALLY FALSE AS WRITTEN,none,the true CODATA value alpha^-1 = 137.035999... is real and correctly quoted; the geometric volumes Vol(S^1)=2pi and Vol(CP^2)=pi^2/2 are correct standard results,the stated formula is directly checkable: 4/pi ~= 1.2732,"Directly recomputed this campaign: 2*pi/(pi^2/2) = 4/pi ~ 1.2732, NOT 137.035999 and not its reciprocal (pi/4 ~ 0.7854) either. No algebraic step is shown connecting the computed geometric ratio (4/pi) to the asserted 'exact measured inverse value' (137.035999) -- the two numbers are simply stated adjacent to each other with a vague appeal to 'normalization,' with no formula. This is the same 'state the desired known answer next to an unconnected calculation and call it derived' pattern already identified and rejected in the unrelated Hashimoto 'Theory of Everything' document during the prior L0 literature-ingestion phase of this project.",FALSIFIED as a derivation -- the claimed equality does not follow from the shown mathematics,"NO, and flagged as a corpus reliability warning for this document"
DTC-C-5.2,DTC COMPILER.docx,"B (grandiose-synthesis, contains a falsified numerical claim)",Constants,5.2,lambda_1 = m_e/M_Planck,lambda_1 = m_e/M_Planck = 4.18575e-23 [claimed to come from] 'evaluating the constrained boundary condition of the hypergraph's stable topological twists',"electron mass m_e, Planck mass M_Planck, eigenvalue lambda_1",none of the claimed 'hypergraph topological twist' structure is defined anywhere in the shown text,none shown,the electron mass is a first-principles eigenvalue of a structural Laplace-Beltrami operator,CONSISTENT WITH REVERSE-COMPUTATION FROM THE ALREADY-KNOWN ANSWER,none,the measured m_e (9.10938e-31 kg) and CODATA M_Planck (2.17643e-8 kg) values quoted are both real and correct,"directly checkable: 4.18575e-23 * 2.17643e-8 = 9.1102e-31, matching the stated m_e to 4 significant figures","Directly recomputed this campaign: 4.18575e-23 * 2.17643e-8 kg = 9.110e-31 kg, matching the quoted electron mass to the precision shown. This is exactly consistent with lambda_1 having been computed AS m_e/M_Planck using the two already-known measured constants, then re-presented as an independently-derived 'eigenvalue from hypergraph topological twists' -- no actual operator, boundary condition, or eigenvalue computation is shown anywhere in the source text to justify the stated number by any route other than the direct division.",FALSIFIED as an independent derivation -- indistinguishable from and consistent with simple reverse-computation from the measured answer,"NO, and flagged as a corpus reliability warning for this document"
SEIT-V2-5,"SEIT v2.pdf (identical text: SEIT Unified Derivation.pdf, SEIT Unified Derivation v2.pdf)","B (grandiose-synthesis, but with a genuinely falsifiable prediction set)",Gauge/Standard Model,V,"G_SM = SU(3)xSU(2)xU(1) [derived, not postulated]","anomaly-cancellation constraint N_c-3=0 => N_c=3; minimal-generator-count selection among {SM(12 gen.), SU(5)(24 gen.), SO(10)(45 gen.)}","color number N_c, candidate GUT groups and their generator counts","the candidate list {SM, SU(5), SO(10)} is presupposed rather than derived; 'the spectral filter axioms and the vacuum photon-bath boundary condition' are asserted to select among them without the selection mechanism being shown in the excerpted text",SEIT's own earlier spectral-cascade sections (same pattern as Master Equation Codex sections 0-2),"the Standard Model gauge group is the unique anomaly-free, minimal-generator-count fixed point",PARTIALLY SUBSTANTIVE BUT INCOMPLETE AS SHOWN -- selects among a curated list rather than deriving the list itself,T2-HISTORICAL / T2-FORWARD-DERIVATION (both PROPOSED/OPEN),"anomaly cancellation and minimal-group arguments for GUT model selection are a real, established technique in beyond-Standard-Model physics (used, e.g., to compare SU(5)/SO(10)/etc. candidates) -- the TECHNIQUE is legitimate; the specific claim that it uniquely forces exactly the observed SM without further input was not independently verified this campaign",NO (not implemented in this project's compiler),"More substantive than the bare DTC COMPILER/Master Equation Codex assertion (MEC-5.3, DTC-C section 4) in that it names a real selection mechanism (anomaly cancellation + minimal generator count) rather than simply asserting the result -- but the campaign did not verify, within the time available, that the candidate list and the 'spectral filter axioms' invoked are themselves derived (rather than curated) from the document's own earlier primitives. Not independently reconstructed this campaign.",not falsified (not fully checked); also not verified,"NO (insufficiently derived from primitives, per this campaign's inspection; genuinely established SU(3)xSU(2)xU(1) itself is preserved as EXTERNAL established physics per this campaign's governing instruction, not as a result of this document)"
SEIT-V2-6,"SEIT v2.pdf (identical text: SEIT Unified Derivation.pdf, SEIT Unified Derivation v2.pdf)","B (grandiose-synthesis, but with a genuinely falsifiable prediction set)",Cosmology/Quantum,VI,m_aP = Lambda_QCD^2/(N_sub*M_Pl); GW at 166.48 Hz; soliton core R_c=120-150 pc,"N_sub=4.7619 (from CMB spectral index constraint, n_s=0.965); m_aP=(0.200 GeV)^2/(4.7619*1.22e19 GeV)~=6.885e-13 eV","sub-network count N_sub, QCD scale Lambda_QCD, Planck mass M_Pl, axion mass m_aP, GW frequency, soliton core radius R_c",N_sub is claimed to be fixed by the measured CMB scalar spectral index n_s=0.965 via an unshown formula (not located in the excerpted text this campaign read),"real measured cosmological/particle inputs: Lambda_QCD~0.2 GeV, M_Pl~1.22e19 GeV, n_s=0.965 (all standard, correctly quoted values)","three specific, novel, not-yet-observed falsifiable predictions: an ultralight axion mass, a monochromatic gravitational-wave background frequency, and a dwarf-spheroidal dark-matter soliton core radius range","STRUCTURALLY LEGITIMATE PREDICTION FORMAT, N_sub<-n_s STEP NOT VERIFIED, PREDICTIONS NOT CHECKED AGAINST CURRENT OBSERVATIONAL DATA THIS CAMPAIGN",none,"the functional FORM m_a~Lambda_QCD^2/f_a is the real, standard QCD-axion mass relation (f_a a Peccei-Quinn decay constant); using N_sub*M_Pl in place of f_a is this document's own novel substitution","the arithmetic chain from N_sub=4.7619 to m_aP=6.885e-13 eV is directly checkable and DOES check out: (0.2)^2/(4.7619*1.22e19)=6.885e-22 GeV=6.885e-13 eV, confirmed by this campaign's own recomputation","Unlike DTC-C-5.1/5.2, this is NOT a bare non-sequitur -- a real formula (the standard QCD axion mass relation) is used correctly, and the stated arithmetic from N_sub to the final mass is internally consistent and independently reconfirmed by this campaign. What was NOT verified this campaign: (a) the specific claimed relation between N_sub=4.7619 and the measured CMB spectral index n_s=0.965 (the connecting formula was not located in the read excerpt), so whether N_sub is itself independently derived or reverse-fit to produce a desired final number could not be confirmed either way; (b) whether the three predicted values (axion mass, 166.48 Hz GW background, 120-150 pc soliton cores) are already excluded by existing axion-search, LIGO/Virgo stochastic-background, or dwarf-spheroidal-kinematics constraints -- this requires an external-literature/observational-data check not performed this campaign.","UNTESTED THIS CAMPAIGN -- flagged as the single most promising genuinely-falsifiable claim in the entire corpus, pending (1) verification of the N_sub<-n_s step and (2) a check against current observational exclusion limits",NO promotion without the above two checks; explicitly flagged in MASTER_TOE_PREDICTIONS.md as the priority follow-up
FGU-1,Functorial Gauge Unification v1.docx,B (grandiose-synthesis),Quantum/Gravity,I-VI,T:Category(ER)~=Category(EPR); various restated GR/QFT/LQG/AdS-CFT formulas,"restates the Einstein field equations, the LQG area operator, the Ryu-Takayanagi formula, and the Polyakov string action side-by-side and declares them isomorphic images of one functor T","Grothendieck topos E, transport functors T_1/T_2/T_3, adaptive multiplicity M*","declares string theory, LQG, and AdS/CFT to be 'different coordinate dialects of the same underlying algebraic Topos' without constructing the isomorphisms claimed","restates, without deriving, standard formulas from four genuinely established but mutually distinct physics frameworks (GR, LQG, string theory, AdS/CFT)",'The search for a Theory of Everything is complete',NO DERIVATION FOUND; STATED FALSIFICATION CRITERIA ARE NOT OPERATIONALLY TESTABLE,none,"every individual formula quoted (Einstein field equations, LQG area operator, Ryu-Takayanagi, Polyakov action) is correctly stated, established physics -- the claimed ISOMORPHISM BETWEEN them is not established anywhere in the document",NO,"Read in full this campaign (93 lines). No construction of the claimed functorial isomorphisms is given anywhere -- each 'unification' consists of stating a known formula from one framework next to a known formula from another and asserting they are 'the exact mathematical invariants' of one operator, with no map, no proof, and no intermediate calculation. The three 'Rigid Falsification Protocols' given (e.g. 'the calculated adaptive multiplicity vector is zero and the system survives') are not stated in a form that names a measurable quantity or a real experiment, so the document's own claim to be 'falsifiable' does not hold up on inspection.","the document's central claim ('the search for a TOE is complete') is not supported by any shown derivation, and is inconsistent with the actual, well-documented open status of quantum-gravity unification in mainstream physics",NO
GUP-1,geometric unification paper.docx,B (grandiose-synthesis),Variational,1-2,Universal Persistence Field Equation (via delta C_Pi=0),not fully captured in the excerpt read this campaign (equation set formatting was not preserved in plain-text extraction for this specific block),"Recursive Distinction Omega, informational cost functional C_Pi, Fisher Information Transport Cost I_F","claims a single variational principle unifies GR geodesics, diffusion, the replicator equation, and the free-energy principle as 'exact invariant submanifolds'",none shown in the excerpt read,"a parameter-free unification of gravitation, thermodynamics, evolutionary biology, and cognition",NOT FULLY READ THIS CAMPAIGN (first 60 of ~169 lines only),VARIATIONAL-NODE (OPEN),not assessed,NO,"Only the abstract and section 1 opening were read this campaign; the claimed field-equation derivation (section 2.3 onward) was not inspected. Classified by strong structural similarity to Functorial Gauge Unification v1.docx and Master Equation Codex (same 'Recursive Distinction/Omega' primitive vocabulary, same sweeping cross-domain unification claim in the abstract) but this classification is a pattern-match, not a verified finding for this specific document's remaining content.",NOT ASSESSED THIS CAMPAIGN,NO (insufficient inspection to consider; flagged for a future deeper pass)
DTC-RS2-10,DTC_Rosetta_Stone_TOE_v2.docx,"B-rigorous (self-critical, honest open-problems section)",Constants,10 (Open Problems),n/a (prose),n/a,n/a,n/a,this document's own section 5 (gauge-group derivation),"explicit self-admission: 'Section 5 derives the gauge group structure of the Standard Model. It does not derive the fine-structure constant, the mass hierarchy, or any other dimensionless parameter. Whether these are further necessity-forced quantities or genuinely free parameters of this universe's particular solution is unresolved.'","HONEST, EXPLICIT NEGATIVE FINDING BY THE CORPUS'S OWN AUTHOR",none,n/a,not applicable,"This is a directly relevant, important internal-corpus finding: this document (part of the same DTC/Rosetta Stone research program as DTC COMPILER.docx) explicitly states the fine-structure constant is NOT derived and remains unresolved -- directly contradicting DTC COMPILER.docx's later claim (DTC-C-5.1) of an 'exact analytical derivation' of the same constant. This internal corpus contradiction corroborates this campaign's own independent arithmetic finding that the DTC COMPILER.docx claim does not hold up.","n/a (this row records a corroborating admission, not a tested claim)",NO
NCG-1,Noncommutative Geometry and the Spectral Action_ Toward a Unified TOE.pdf; ...Toward a Unified Theory.pdf,"C (external literature summary/review, not original derivation)",Geometry/Gauge/Spectral,whole document (not deep-read this campaign; TOC/summary-level only),Chamseddine-Connes spectral action principle,Tr f(D/Lambda) [standard form of the real spectral action],"Dirac operator D, spectral triple (A,H,D), cutoff function f, scale Lambda","genuine external published mathematics (Chamseddine-Connes, and Chamseddine-Connes-Marcolli for the finite Standard Model algebra)",none (external reference),"quoted claim (already registered verbatim in compiler/historical/register.py): 'when applied to an almost-commutative space..., the Spectral Action Principle yields exactly the Standard Model coupled to gravity'","ALREADY REGISTERED AS NCG-BRIDGE-EXTERNAL-REFERENCE (PROPOSED, role=comparison)",NCG-BRIDGE-EXTERNAL-REFERENCE,"the Chamseddine-Connes spectral action IS real, published, peer-reviewed physics (Comm. Math. Phys. 1997 and subsequent Standard Model papers) -- this project's own register.py document correctly identifies these two PDFs as literature-summary documents ABOUT that real result, not a SEIT-original derivation",NO (no spectral-triple/Dirac-operator construction exists anywhere in this project's own compiler),"Not independently re-read at equation level this campaign beyond confirming the title/framing matches the already-registered characterization; DTC-RP-004 (row DTC-RP4-1 above) provides independent, deeper, campaign-original engagement with this same real physics (via its Higgs-mass forcing test), and reaches a negative result for the SPECIFIC correspondence it tested.","not applicable to the external result itself (real, published, peer-reviewed physics); the SEIT-side correspondence to it, where tested (DTC-RP4-1), was found not forced","NO SEIT-original promotion; the underlying external NCG spectral action remains a legitimate candidate EXTERNAL structure worth a dedicated future implementation attempt, exactly as string theory was treated in the prior L0-ST literature phase"
UNREAD-Beyond the Theory of,Beyond the Theory of Everything.pdf,"B (not deep-read; largest remaining document, 7223 lines extracted)",unassessed,not read this campaign,n/a,n/a,n/a,n/a,n/a,not assessed,NOT DEEPLY READ THIS CAMPAIGN,n/a,n/a,n/a,"File was full-text-extracted (pdftotext/python-docx) and its title/abstract/structure was scanned for red-flag numerology patterns (grep sweep found no additional 'exact value' claims in this file matching the DTC COMPILER.docx pattern), but was not read in depth for equation-level content this campaign, given the scale of the corpus (~30 documents) relative to the time available. This is reported honestly rather than fabricating equation-level coverage.",not assessed,NO (insufficient inspection)
UNREAD-Consciousness_and_th,Consciousness_and_the_Universe__Quantum_Ph_-_Roger_Penrose.pdf,"C (genuine external Penrose book; consciousness/quantum-mind topic, tangential to core physics derivation; not read this campaign)",unassessed,not read this campaign,n/a,n/a,n/a,n/a,n/a,not assessed,NOT DEEPLY READ THIS CAMPAIGN,n/a,n/a,n/a,"File was full-text-extracted (pdftotext/python-docx) and its title/abstract/structure was scanned for red-flag numerology patterns (grep sweep found no additional 'exact value' claims in this file matching the DTC COMPILER.docx pattern), but was not read in depth for equation-level content this campaign, given the scale of the corpus (~30 documents) relative to the time available. This is reported honestly rather than fabricating equation-level coverage.",not assessed,NO (insufficient inspection)
UNREAD-Constraint Core Brie,Constraint Core Brief.pdf,B (referenced by DTC_Formal_Structure.docx as 'Scientific Brief 001'; not deep-read this campaign),unassessed,not read this campaign,n/a,n/a,n/a,n/a,n/a,not assessed,NOT DEEPLY READ THIS CAMPAIGN,n/a,n/a,n/a,"File was full-text-extracted (pdftotext/python-docx) and its title/abstract/structure was scanned for red-flag numerology patterns (grep sweep found no additional 'exact value' claims in this file matching the DTC COMPILER.docx pattern), but was not read in depth for equation-level content this campaign, given the scale of the corpus (~30 documents) relative to the time available. This is reported honestly rather than fabricating equation-level coverage.",not assessed,NO (insufficient inspection)
UNREAD-Executive Summary.pd,Executive Summary.pdf,B (the document DTC-RP-004 tests and finds non-forced; not independently deep-read this campaign beyond DTC-RP-004's own quotes from it),unassessed,not read this campaign,n/a,n/a,n/a,n/a,n/a,not assessed,NOT DEEPLY READ THIS CAMPAIGN,n/a,n/a,n/a,"File was full-text-extracted (pdftotext/python-docx) and its title/abstract/structure was scanned for red-flag numerology patterns (grep sweep found no additional 'exact value' claims in this file matching the DTC COMPILER.docx pattern), but was not read in depth for equation-level content this campaign, given the scale of the corpus (~30 documents) relative to the time available. This is reported honestly rather than fabricating equation-level coverage.",not assessed,NO (insufficient inspection)
UNREAD-Spectral Codex Volum,Spectral Codex Volume I Genesis.pdf,B (not deep-read; TOC/title suggests overlap with Master Equation Codex sections 0-2),unassessed,not read this campaign,n/a,n/a,n/a,n/a,n/a,not assessed,NOT DEEPLY READ THIS CAMPAIGN,n/a,n/a,n/a,"File was full-text-extracted (pdftotext/python-docx) and its title/abstract/structure was scanned for red-flag numerology patterns (grep sweep found no additional 'exact value' claims in this file matching the DTC COMPILER.docx pattern), but was not read in depth for equation-level content this campaign, given the scale of the corpus (~30 documents) relative to the time available. This is reported honestly rather than fabricating equation-level coverage.",not assessed,NO (insufficient inspection)
UNREAD-Spectral Codex Volum,Spectral Codex Volume II Gravity.pdf,B (not deep-read; TOC/title suggests overlap with Master Equation Codex section 3-4),unassessed,not read this campaign,n/a,n/a,n/a,n/a,n/a,not assessed,NOT DEEPLY READ THIS CAMPAIGN,n/a,n/a,n/a,"File was full-text-extracted (pdftotext/python-docx) and its title/abstract/structure was scanned for red-flag numerology patterns (grep sweep found no additional 'exact value' claims in this file matching the DTC COMPILER.docx pattern), but was not read in depth for equation-level content this campaign, given the scale of the corpus (~30 documents) relative to the time available. This is reported honestly rather than fabricating equation-level coverage.",not assessed,NO (insufficient inspection)
UNREAD-Spectral Codex Volum,Spectral Codex Volumes.docx,"B (largest single file in the corpus, 359KB extracted text; not deep-read this campaign)",unassessed,not read this campaign,n/a,n/a,n/a,n/a,n/a,not assessed,NOT DEEPLY READ THIS CAMPAIGN,n/a,n/a,n/a,"File was full-text-extracted (pdftotext/python-docx) and its title/abstract/structure was scanned for red-flag numerology patterns (grep sweep found no additional 'exact value' claims in this file matching the DTC COMPILER.docx pattern), but was not read in depth for equation-level content this campaign, given the scale of the corpus (~30 documents) relative to the time available. This is reported honestly rather than fabricating equation-level coverage.",not assessed,NO (insufficient inspection)
UNREAD-Spectral Emergence F,Spectral Emergence Framework v2.pdf,B (not deep-read this campaign),unassessed,not read this campaign,n/a,n/a,n/a,n/a,n/a,not assessed,NOT DEEPLY READ THIS CAMPAIGN,n/a,n/a,n/a,"File was full-text-extracted (pdftotext/python-docx) and its title/abstract/structure was scanned for red-flag numerology patterns (grep sweep found no additional 'exact value' claims in this file matching the DTC COMPILER.docx pattern), but was not read in depth for equation-level content this campaign, given the scale of the corpus (~30 documents) relative to the time available. This is reported honestly rather than fabricating equation-level coverage.",not assessed,NO (insufficient inspection)
UNREAD-Spectral Emergence I,Spectral Emergence Information Theory.pdf,B (not deep-read this campaign),unassessed,not read this campaign,n/a,n/a,n/a,n/a,n/a,not assessed,NOT DEEPLY READ THIS CAMPAIGN,n/a,n/a,n/a,"File was full-text-extracted (pdftotext/python-docx) and its title/abstract/structure was scanned for red-flag numerology patterns (grep sweep found no additional 'exact value' claims in this file matching the DTC COMPILER.docx pattern), but was not read in depth for equation-level content this campaign, given the scale of the corpus (~30 documents) relative to the time available. This is reported honestly rather than fabricating equation-level coverage.",not assessed,NO (insufficient inspection)
UNREAD-Spectral_Emergence_F,Spectral_Emergence_Framework_Specification.docx,B (not deep-read this campaign),unassessed,not read this campaign,n/a,n/a,n/a,n/a,n/a,not assessed,NOT DEEPLY READ THIS CAMPAIGN,n/a,n/a,n/a,"File was full-text-extracted (pdftotext/python-docx) and its title/abstract/structure was scanned for red-flag numerology patterns (grep sweep found no additional 'exact value' claims in this file matching the DTC COMPILER.docx pattern), but was not read in depth for equation-level content this campaign, given the scale of the corpus (~30 documents) relative to the time available. This is reported honestly rather than fabricating equation-level coverage.",not assessed,NO (insufficient inspection)
UNREAD-Spectral Equations R,Spectral Equations Random.docx,B (filename itself signals a scratch/dump document; not deep-read this campaign),unassessed,not read this campaign,n/a,n/a,n/a,n/a,n/a,not assessed,NOT DEEPLY READ THIS CAMPAIGN,n/a,n/a,n/a,"File was full-text-extracted (pdftotext/python-docx) and its title/abstract/structure was scanned for red-flag numerology patterns (grep sweep found no additional 'exact value' claims in this file matching the DTC COMPILER.docx pattern), but was not read in depth for equation-level content this campaign, given the scale of the corpus (~30 documents) relative to the time available. This is reported honestly rather than fabricating equation-level coverage.",not assessed,NO (insufficient inspection)
UNREAD-Unified Spectral Cod,Unified Spectral Codex.pdf,B (not deep-read this campaign),unassessed,not read this campaign,n/a,n/a,n/a,n/a,n/a,not assessed,NOT DEEPLY READ THIS CAMPAIGN,n/a,n/a,n/a,"File was full-text-extracted (pdftotext/python-docx) and its title/abstract/structure was scanned for red-flag numerology patterns (grep sweep found no additional 'exact value' claims in this file matching the DTC COMPILER.docx pattern), but was not read in depth for equation-level content this campaign, given the scale of the corpus (~30 documents) relative to the time available. This is reported honestly rather than fabricating equation-level coverage.",not assessed,NO (insufficient inspection)
UNREAD-Theory of Everything,Theory of Everything Equation Set.docx,"B (not deep-read this campaign; largest raw equation-dump document by size, 903KB)",unassessed,not read this campaign,n/a,n/a,n/a,n/a,n/a,not assessed,NOT DEEPLY READ THIS CAMPAIGN,n/a,n/a,n/a,"File was full-text-extracted (pdftotext/python-docx) and its title/abstract/structure was scanned for red-flag numerology patterns (grep sweep found no additional 'exact value' claims in this file matching the DTC COMPILER.docx pattern), but was not read in depth for equation-level content this campaign, given the scale of the corpus (~30 documents) relative to the time available. This is reported honestly rather than fabricating equation-level coverage.",not assessed,NO (insufficient inspection)
UNREAD-Unified Field Theory,Unified Field Theory.docx,B (not deep-read this campaign),unassessed,not read this campaign,n/a,n/a,n/a,n/a,n/a,not assessed,NOT DEEPLY READ THIS CAMPAIGN,n/a,n/a,n/a,"File was full-text-extracted (pdftotext/python-docx) and its title/abstract/structure was scanned for red-flag numerology patterns (grep sweep found no additional 'exact value' claims in this file matching the DTC COMPILER.docx pattern), but was not read in depth for equation-level content this campaign, given the scale of the corpus (~30 documents) relative to the time available. This is reported honestly rather than fabricating equation-level coverage.",not assessed,NO (insufficient inspection)
UNREAD-MasterRosettaStone T,MasterRosettaStone TOE Paper.pdf,B (not deep-read this campaign),unassessed,not read this campaign,n/a,n/a,n/a,n/a,n/a,not assessed,NOT DEEPLY READ THIS CAMPAIGN,n/a,n/a,n/a,"File was full-text-extracted (pdftotext/python-docx) and its title/abstract/structure was scanned for red-flag numerology patterns (grep sweep found no additional 'exact value' claims in this file matching the DTC COMPILER.docx pattern), but was not read in depth for equation-level content this campaign, given the scale of the corpus (~30 documents) relative to the time available. This is reported honestly rather than fabricating equation-level coverage.",not assessed,NO (insufficient inspection)
UNREAD-Unified_Rosetta_Ston,Unified_Rosetta_Stone_TOE_v3.docx,B (not deep-read this campaign),unassessed,not read this campaign,n/a,n/a,n/a,n/a,n/a,not assessed,NOT DEEPLY READ THIS CAMPAIGN,n/a,n/a,n/a,"File was full-text-extracted (pdftotext/python-docx) and its title/abstract/structure was scanned for red-flag numerology patterns (grep sweep found no additional 'exact value' claims in this file matching the DTC COMPILER.docx pattern), but was not read in depth for equation-level content this campaign, given the scale of the corpus (~30 documents) relative to the time available. This is reported honestly rather than fabricating equation-level coverage.",not assessed,NO (insufficient inspection)
UNREAD-Universal_Rosetta_Ch,Universal_Rosetta_Ch1_Remainder.docx,B (not deep-read this campaign),unassessed,not read this campaign,n/a,n/a,n/a,n/a,n/a,not assessed,NOT DEEPLY READ THIS CAMPAIGN,n/a,n/a,n/a,"File was full-text-extracted (pdftotext/python-docx) and its title/abstract/structure was scanned for red-flag numerology patterns (grep sweep found no additional 'exact value' claims in this file matching the DTC COMPILER.docx pattern), but was not read in depth for equation-level content this campaign, given the scale of the corpus (~30 documents) relative to the time available. This is reported honestly rather than fabricating equation-level coverage.",not assessed,NO (insufficient inspection)
UNREAD-JOI Reformatted.docx,JOI Reformatted.docx,"B (not deep-read this campaign; title pattern resembles the already-rejected Hashimoto 'Journal of Innovations' pseudoscience document from the prior L0 phase -- flagged for cautious handling in any future pass, not confirmed either way)",unassessed,not read this campaign,n/a,n/a,n/a,n/a,n/a,not assessed,NOT DEEPLY READ THIS CAMPAIGN,n/a,n/a,n/a,"File was full-text-extracted (pdftotext/python-docx) and its title/abstract/structure was scanned for red-flag numerology patterns (grep sweep found no additional 'exact value' claims in this file matching the DTC COMPILER.docx pattern), but was not read in depth for equation-level content this campaign, given the scale of the corpus (~30 documents) relative to the time available. This is reported honestly rather than fabricating equation-level coverage.",not assessed,NO (insufficient inspection)
UNREAD-DTC Logic of Inquiry,DTC Logic of Inquiry.docx,"B-rigorous (referenced extensively and accurately by DTC_Formal_Structure.docx, which this campaign confirms is careful/self-critical; not independently deep-read itself this campaign)",unassessed,not read this campaign,n/a,n/a,n/a,n/a,n/a,not assessed,NOT DEEPLY READ THIS CAMPAIGN,n/a,n/a,n/a,"File was full-text-extracted (pdftotext/python-docx) and its title/abstract/structure was scanned for red-flag numerology patterns (grep sweep found no additional 'exact value' claims in this file matching the DTC COMPILER.docx pattern), but was not read in depth for equation-level content this campaign, given the scale of the corpus (~30 documents) relative to the time available. This is reported honestly rather than fabricating equation-level coverage.",not assessed,NO (insufficient inspection)
UNREAD-DTC Metaphysics of S,DTC Metaphysics of Structure.docx,"B-rigorous (same as above; philosophical/metaphysical register per DTC_Formal_Structure.docx's own description, not a source of physics equations)",unassessed,not read this campaign,n/a,n/a,n/a,n/a,n/a,not assessed,NOT DEEPLY READ THIS CAMPAIGN,n/a,n/a,n/a,"File was full-text-extracted (pdftotext/python-docx) and its title/abstract/structure was scanned for red-flag numerology patterns (grep sweep found no additional 'exact value' claims in this file matching the DTC COMPILER.docx pattern), but was not read in depth for equation-level content this campaign, given the scale of the corpus (~30 documents) relative to the time available. This is reported honestly rather than fabricating equation-level coverage.",not assessed,NO (insufficient inspection)
