equation_id,source_id,source_version,document_id,location,page,section,equation_label,extraction_method,extraction_quality,source_status,exact_representation,surrounding_text,variable_ids,operator_ids,structure_ids,assumptions,dimensional_information,provenance,equation_hash
SCIEQ14-556b25ab5e26d0d6,LIT-TONG-ST,,LIT-TONG-ST,"p.9, eq.(1.1)",9,1.1,(1.1),LATEX_SOURCE,EXACT_LATEX,SOURCE_EXTRACTED,S = -m \int dt \sqrt{1 - \dot{\vec{x}}\cdot\dot{\vec{x}}},"written directly as the natural action reproducing p=m dx/dt(1-v^2)^{-1/2}, E=sqrt(m^2+p^2); motivates the search for a manifestly Lorentz-covariant form",SCIVAR-9f8eb925a2709522;SCIVAR-def4ff973e5c7b29;SCIVAR-de1f1cac8b67a9b0;SCIVAR-86fce8fe67cd1317;SCIVAR-a462e36554c8306b,SCIOPX-478e53d402d17300;SCIOPX-07257ba32e1f8526,,"D-dimensional Minkowski space R^{1,D-1}, signature (-,+,...,+)",NOT_EXTRACTED,"literature_item=ST-001; mathematical_object=relativistic point-particle action, fixed-frame form; source_status_verbatim=textbook-established (standard relativistic mechanics)",f9350ae43df0a085
SCIEQ14-d81a6cb5216b8059,LIT-TONG-ST,,LIT-TONG-ST,"p.10, eq.(1.2)",10,1.1,(1.2),LATEX_SOURCE,EXACT_LATEX,SOURCE_EXTRACTED,S = -m \int d\tau \sqrt{-\dot{X}^\mu \dot{X}^\nu \eta_{\mu\nu}},derived from (1.1) by promoting t to a dynamical coordinate X^0(tau) and requiring reparametrization invariance; explicitly verified invariant under tau-> tilde tau(tau) by direct substitution,SCIVAR-8d9fd34b687e40e3;SCIVAR-54a25a84e2c555aa;SCIVAR-78920a75b98fe975;SCIVAR-280f293cd895c0ad;SCIVAR-07f87396623aab7e;SCIVAR-888419138a7d60c2;SCIVAR-3d3e41711aca2d87,SCIOPX-301637bcc3d0bad0;SCIOPX-13a980a72bcca9ed,,introduces reparametrization tau -> tilde-tau(tau) as a gauge symmetry,NOT_EXTRACTED,"literature_item=ST-002; mathematical_object=reparametrization-invariant point-particle action (worldline proper-time form); source_status_verbatim=textbook-established, directly re-derived in the source",123b8485d6a7642f
SCIEQ14-3a5aff81a78739a8,LIT-TONG-ST,,LIT-TONG-ST,"p.11, eq.(1.5),(1.7)",11,1.1,"(1.5),(1.7)",LATEX_SOURCE,EXACT_LATEX,SOURCE_EXTRACTED,p_\mu p^\mu + m^2 = 0; (-\partial_{X^\mu}\partial_{X^\nu}\eta^{\mu\nu}+m^2)\Psi(X)=0,"constraint (1.5) derived directly from momenta (1.4); quantum form (1.7) obtained by the standard operator replacement, explicitly identified as coinciding with (but reinterpreted from) the classical Klein-Gordon field equation",SCIVAR-48e1d879f4921cc3;SCIVAR-e8e442e30b044d88;SCIVAR-bf2924fcd976d454;SCIVAR-27e5acd468cca9e5;SCIVAR-8633a2456bee7c82;SCIVAR-d8c20c6dca151373,SCIOPX-e232d8a005c69820;SCIOPX-9c75c7ca4e39cb54,,canonical quantization of the constrained system; wavefunction Psi(X) satisfies Schrodinger eq with H=0,NOT_EXTRACTED,literature_item=ST-003; mathematical_object=mass-shell constraint (classical) and its quantum operator form (Klein-Gordon equation); source_status_verbatim=textbook-established,a7a9e6bb40de50b3
SCIEQ14-f8f548896bcab730,LIT-TONG-ST,,LIT-TONG-ST,"p.13, eq.(1.8),(1.9),(1.10)",13,1.1,"(1.8),(1.9),(1.10)",LATEX_SOURCE,EXACT_LATEX,SOURCE_EXTRACTED,S=\frac{1}{2}\int d\tau(e^{-1}\dot X^2 - em^2),"explicitly re-derived and shown equivalent to (1.2) in the source; reparametrization transformation law for e given explicitly, eq (1.10)",SCIVAR-073ae959b15a7d5c;SCIVAR-f80709b55d9e9ff0;SCIVAR-af22d0615ad12058;SCIVAR-96cdcd923e56f904;SCIVAR-9efaaa9946f41aca;SCIVAR-7f49c64e636c19f8;SCIVAR-772e68d1d8a2f110,SCIOPX-0deaf7204040069a,,"e is fixed by its own equation of motion, dot-X^2+e^2 m^2=0, substituting which recovers (1.2); this form works for massless particles (m=0), unlike (1.1)/(1.2)",NOT_EXTRACTED,"literature_item=ST-004; mathematical_object=einbein form of the point-particle action, e(tau) as worldline metric/vierbein; source_status_verbatim=textbook-established",49f0369aecd25104
SCIEQ14-6bb9053ae9ad5986,LIT-TONG-ST,,LIT-TONG-ST,"p.14, eq.(1.11)-(1.14)",14,1.2,(1.11)-(1.14),LATEX_SOURCE,EXACT_LATEX,SOURCE_EXTRACTED,\gamma_{\alpha\beta}=\partial_\alpha X^\mu \partial_\beta X^\nu \eta_{\mu\nu}; S=-T\int d^2\sigma \sqrt{-\det\gamma},"constructed by direct analogy with the point-particle worldline-length action, generalized to worldsheet area; explicit pedagogical area-element check given via a Euclidean cross-product argument, eq (1.15)",SCIVAR-2c8a76c86f93cdb5;SCIVAR-196fe894c67aa074;SCIVAR-6e235e5304a2dfb4;SCIVAR-95dff23cda7fc09e;SCIVAR-056c3624a77a8279;SCIVAR-fc311924446cddb9;SCIVAR-7d2913dff84ee914;SCIVAR-b4fc2260def57c45;SCIVAR-c7f9d504b30978e8,SCIOPX-c628e2cc86519019;SCIOPX-5b835a68f231e296;SCIOPX-120c5fe7ece5f0e6;SCIOPX-dbf36af83368406c;SCIOPX-b519ab764f793281,,"closed string, sigma periodic in [0,2pi]; worldsheet parametrized by (tau,sigma); reparametrization invariance required",NOT_EXTRACTED,literature_item=ST-005; mathematical_object=Nambu-Goto action: worldsheet induced metric gamma_{alpha beta} (pullback of flat spacetime metric) and the action proportional to worldsheet area; source_status_verbatim=textbook-established; this is THE canonical bosonic-string action,966559e721f889b5
SCIEQ14-5d88e54aec12d492,LIT-TONG-ST,,LIT-TONG-ST,"p.16, eq.(1.17),(1.18)",16,1.2,"(1.17),(1.18)",LATEX_SOURCE,EXACT_LATEX,SOURCE_EXTRACTED,T=\frac{1}{2\pi\alpha'};\quad \alpha'=l_s^2,direct derivation shown in source (static-string potential-energy argument),SCIVAR-84628406a3c7cbc3;SCIVAR-75de3e49cc62a2bd;SCIVAR-61cb5e1e28263400;SCIVAR-fe55dc43b503f541,,,"T interpreted physically as energy per unit length by evaluating the action on a static string configuration, eq (1.16)",NOT_EXTRACTED,literature_item=ST-006; mathematical_object=string tension T in terms of the Regge slope alpha-prime; definition of the string length scale l_s; source_status_verbatim=textbook-established; alpha' is THE fundamental length parameter of string theory,42c2824eedfc99c5
SCIEQ14-84c3dfa9404331a5,LIT-TONG-ST,,LIT-TONG-ST,"p.17-18, eq.(1.21)",17-18,1.2.2,(1.21),LATEX_SOURCE,EXACT_LATEX,SOURCE_EXTRACTED,"\partial_\alpha(\sqrt{-\det\gamma}\,\gamma^{\alpha\beta}\partial_\beta X^\mu)=0",directly derived in the source via delta(sqrt(-gamma)) = (1/2)sqrt(-gamma) gamma^{alpha beta} delta gamma_{alpha beta},SCIVAR-a4ea7e18611ada68;SCIVAR-4fce8956d3660539;SCIVAR-95cecbafb797d11e,SCIOPX-b9c2ac7bf83ee5f0;SCIOPX-ab5a962258ca0133;SCIOPX-85d1e3e70b1535dd;SCIOPX-1bdda790ff3317d5,,"obtained by varying (1.13)/(1.14) w.r.t. X^mu; explicitly noted to be nonlinear and intractable in this form, motivating the Polyakov reformulation",NOT_EXTRACTED,literature_item=ST-007; mathematical_object=Nambu-Goto equations of motion for X^mu; source_status_verbatim=textbook-established,a9f63cda6056e125
SCIEQ14-eaf7d62e54f4df58,LIT-TONG-ST,,LIT-TONG-ST,"p.18, eq.(1.22)",18,1.3,(1.22),LATEX_SOURCE,EXACT_LATEX,SOURCE_EXTRACTED,"S=-\frac{1}{4\pi\alpha'}\int d^2\sigma\sqrt{-g}\,g^{\alpha\beta}\partial_\alpha X^\mu \partial_\beta X^\nu \eta_{\mu\nu}","this IS the requested S[X] from Part VIII of the L0-ST specification, confirmed present verbatim in this source with matching functional form (up to the overall convention for the 1/4pi alpha' prefactor)",SCIVAR-a04d1fb774f3c55e;SCIVAR-804bdbcb6d1bfef8;SCIVAR-5b522b76cd58111c;SCIVAR-5c1685aee2e7f7a6;SCIVAR-e40b3ec6107ad223;SCIVAR-c4214db8a3ed80b7;SCIVAR-99100c748ff17717;SCIVAR-bc7d92c0e3fcbadf;SCIVAR-bb46470cd1e907eb;SCIVAR-a1660aa04997c7e0,SCIOPX-70f46415341491d1;SCIOPX-17f2b9dea8ad6257;SCIOPX-08114fa0a9f2eb77;SCIOPX-a458630fa9e3f950,,"classically equivalent to Nambu-Goto (shown explicitly by solving g_{alpha beta}'s own e.o.m.); quantum equivalence only established in the critical dimension (flagged explicitly, not glossed over)",NOT_EXTRACTED,literature_item=ST-008; mathematical_object=Polyakov action: introduces an independent dynamical worldsheet metric g_{alpha beta} to eliminate the Nambu-Goto square root; source_status_verbatim=textbook-established; this is THE canonical action used for path-integral quantization of the bosonic string,fbf2336017dd385e
SCIEQ14-22d79128040268f5,LIT-TONG-ST,,LIT-TONG-ST,"p.19, eq.(1.24),(1.25)",19,1.3,"(1.24),(1.25)",LATEX_SOURCE,EXACT_LATEX,SOURCE_EXTRACTED,"g_{\alpha\beta}=2f(\sigma)\,\partial_\alpha X\cdot\partial_\beta X","directly derived, eq (1.24)",SCIVAR-b8d171e1ec720e40;SCIVAR-65c0035e22e82765;SCIVAR-3400473f9975b6c6;SCIVAR-1f45ef5008b0a5ec,SCIOPX-62d322af281b0b76;SCIOPX-b39b36b40cef903b,,"obtained by varying the Polyakov action w.r.t. g^{alpha beta}; the conformal factor f(sigma) is shown to drop out of the X-equation of motion, establishing classical equivalence to Nambu-Goto",NOT_EXTRACTED,literature_item=ST-009; mathematical_object=worldsheet metric's own equation of motion (stress tensor T_{alpha beta}=0 solved for g); source_status_verbatim=textbook-established,6ff66a1ea9747859
SCIEQ14-5835632f29fed650,LIT-TONG-ST,,LIT-TONG-ST,"p.20-21, eq.(1.6),(1.26)-(1.29)",20-21,1.3.1,"(1.6),(1.26)-(1.29)",LATEX_SOURCE,EXACT_LATEX,SOURCE_EXTRACTED,"X^\mu \to \Lambda^\mu_{\ \nu}X^\nu+c^\mu \ (\text{Poincare, global}); \ \sigma^\alpha\to\tilde\sigma^\alpha(\sigma)\ (\text{reparam., gauge}); \ g_{\alpha\beta}\to\Omega^2(\sigma)g_{\alpha\beta}\ (\text{Weyl})",Weyl invariance identified as the source of the counting that lets the worldsheet metric be gauge-fixed entirely (d(d+1)/2 - d - 1 = 0 for d=2),SCIVAR-d6b6518956187ed0;SCIVAR-4bd35e36b46fdf9a;SCIVAR-7ca576ab9406b188;SCIVAR-f079dbcf3ed0df8e;SCIVAR-1be875e510b6070c;SCIVAR-4245ed6b240ea68d;SCIVAR-54bf5affab80bdc5;SCIVAR-a49be085f5f5212d;SCIVAR-d96d408b01d53c80;SCIVAR-4f34d7c03d185a74;SCIVAR-16e096858c91c07e;SCIVAR-25fb27d8faed434e;SCIVAR-e2959f6f2d22289a;SCIVAR-e0c019ca3a749592;SCIVAR-a6c6efb32966a8ba;SCIVAR-c526720dca29549a;SCIVAR-25b549871bee30a8;SCIVAR-6178acc9bcef177b;SCIVAR-167dad7110a2ac01;SCIVAR-905e69d6a0545c43;SCIVAR-de110166b16f37a1;SCIVAR-fbb4602957fe9ad2;SCIVAR-d10d85df4f2a1a76;SCIVAR-fed77a8ff0a5fd4e;SCIVAR-0250e524ab8bde00,,,"Weyl invariance is explicitly noted as special to exactly two worldsheet dimensions -- the cancellation between sqrt(-g) scaling and the inverse-metric scaling only works for d=2, which is why higher-dimensional 'membranes' cannot be treated analogously (explicitly stated in source)",NOT_EXTRACTED,"literature_item=ST-010; mathematical_object=the three symmetries of the Polyakov action: Poincare invariance (global spacetime symmetry), reparametrization invariance (worldsheet diffeomorphism, gauge), Weyl invariance (local worldsheet rescaling, gauge); source_status_verbatim=textbook-established; the two-dimensionality-dependence of Weyl invariance is a load-bearing structural fact for the whole bosonic-string construction",5272e7e8397030fe
SCIEQ14-6901253f3183f90f,LIT-TONG-ST,,LIT-TONG-ST,"p.22, eq.(1.27),(1.28),(1.29)",22,1.3.2,"(1.27),(1.28),(1.29)",LATEX_SOURCE,EXACT_LATEX,SOURCE_EXTRACTED,g_{\alpha\beta}=e^{2\phi}\eta_{\alpha\beta}\ \to\ g_{\alpha\beta}=\eta_{\alpha\beta}\ (\text{conformal gauge}); \ \sqrt{g'}R'=\sqrt{g}(R-2\nabla^2\phi),"the identity (1.29) is used to show that any 2D metric can be Weyl-transformed to have vanishing Ricci scalar, and that in exactly 2 dimensions a vanishing Ricci scalar implies a flat metric (via the explicit 2D Riemann-tensor decomposition R_{alpha beta gamma delta}=(R/2)(g_{alpha gamma}g_{beta delta}-g_{alpha delta}g_{beta gamma}))",SCIVAR-41ae0eac13a3383d;SCIVAR-0ced872bf635f920;SCIVAR-11d25d16b568ef4e;SCIVAR-3b90b8e77e60f99b;SCIVAR-bf53246bb088ece4;SCIVAR-0cb9511cd241faac;SCIVAR-e6d527654c4a7d16;SCIVAR-ea8696fe60310d32;SCIVAR-88a915a4edde57eb;SCIVAR-fcb5d460e4e8319b;SCIVAR-cf6295224655f8e7;SCIVAR-c641a4ad4d84d3ec;SCIVAR-17c5ddf3fa8aef9e;SCIVAR-f3a061b214fce0b6;SCIVAR-e411a94d66ec8052;SCIVAR-d86c113ec4d9900c,SCIOPX-b14f5411ba95a10e;SCIOPX-53394fa112f15cec,,"explicitly restricted to worldsheets with trivial topology (non-trivial-topology subtleties are flagged as deferred to a later chapter, not treated here)",NOT_EXTRACTED,"literature_item=ST-011; mathematical_object=conformal gauge fixing (using reparametrization to reach locally-conformally-flat form, then Weyl to remove the remaining conformal factor entirely); the 2D Weyl transformation law for the Ricci scalar; source_status_verbatim=textbook-established; this is a genuine, source-derived (not merely stated) mathematical fact about 2D geometry, directly reusable",ee14687125fd9c9d
SCIEQ14-41e708831132cdae,LIT-TONG-ST,,LIT-TONG-ST,"p.23-25, eq.(1.4.1)",23-25,1.4,(1.4.1),LATEX_SOURCE,EXACT_LATEX,SOURCE_EXTRACTED,"T_{\alpha\beta}=0 \ (\text{Virasoro constraints}), \quad (\dot X\pm X')^2=0",obtained by varying the gauge-fixed Polyakov action; explicitly identified as 'the analog of the Gauss law in the string case',SCIVAR-d97c2084fcbfc636;SCIVAR-1bf9e30d05106fb3;SCIVAR-8a6a5ee8319737e3;SCIVAR-2c66c171f4de0b4f;SCIVAR-00b9ede378b8ccf5;SCIVAR-1c18f1602d8a92f9;SCIVAR-ac2c7b41e5f126f0;SCIVAR-081b020217fde183;SCIVAR-e7c301a8425974e5;SCIVAR-54b93011c6fa0bdf;SCIVAR-526dffcf57f34a57;SCIVAR-d69d8a0194c8266f,,,conformal gauge already imposed; periodic (closed-string) or Neumann/Dirichlet (open-string) boundary conditions,NOT_EXTRACTED,"literature_item=ST-012; mathematical_object=residual equations of motion for the metric after gauge-fixing (Virasoro constraints), plus the free-field wave equation for X; source_status_verbatim=textbook-established",c4f05384b7013985
SCIEQ14-148e3139cce600e4,LIT-TONG-ST,,LIT-TONG-ST,"p.25-27, eq.mode-expansion formulas (unnumbered, ~p.25-27)",25-27,1.4,"mode-expansion formulas (unnumbered, ~p.25-27)",LATEX_SOURCE,EXACT_LATEX,SOURCE_EXTRACTED,"X^\mu(\tau,\sigma)=X_L^\mu(\tau+\sigma)+X_R^\mu(\tau-\sigma), \ \alpha_k^\mu, \bar\alpha_k^\mu \ \text{Fourier modes}",directly solved in source; reality condition on the alpha's given explicitly,SCIVAR-15bf3becc1bb4d43;SCIVAR-4edef6ecc9caee35;SCIVAR-f60403892eeadc01;SCIVAR-6604897917f15f97;SCIVAR-9fc7be56688f59ad;SCIVAR-bbed35810c2dda9a;SCIVAR-f2d41a512963e028;SCIVAR-5bab8f3338bf4847;SCIVAR-6097928ba912e650;SCIVAR-45d907601f4d69a4;SCIVAR-db66b27b77743514;SCIVAR-1268b11b9d5faa38;SCIVAR-59beb23f34fb331e;SCIVAR-ec0d33fc3123b016;SCIVAR-5b82014dbd302971;SCIVAR-af1dae08a3e4a034,,,solves the free 2D wave equation partial_+ partial_- X^mu = 0 subject to closed-string periodicity,NOT_EXTRACTED,literature_item=ST-013; mathematical_object=oscillator mode expansion of the closed-string coordinate into left- and right-moving pieces; source_status_verbatim=textbook-established,99fa80fcc8e0b276
SCIEQ14-3c2cacdac6177c78,LIT-KIRITSIS-SST,,LIT-KIRITSIS-SST,"p.10, eq.(3.1.1)-(3.1.4)",10,3.1,(3.1.1)-(3.1.4),LATEX_SOURCE,EXACT_LATEX,SOURCE_EXTRACTED,S=m\int_{\tau_0}^{\tau_1} d\tau\sqrt{-\eta_{\mu\nu}\dot x^\mu \dot x^\nu}; \quad p^2+m^2=0,"independently derived via the standard Lagrange-equation route; used as the classical warm-up before the string case, directly parallel to Tong ST-001/ST-002",SCIVAR-686a3528e300a6a2;SCIVAR-8809e5a909ff5f5f;SCIVAR-31240816438cc84a;SCIVAR-b82ea8cb254a1383;SCIVAR-04a6000533de5b4d;SCIVAR-26f6f5d9921da119;SCIVAR-44e21db14438e340;SCIVAR-b0e1e5b7a7fa2e3b;SCIVAR-139ec8a98d057371,SCIOPX-baa870768308e321;SCIOPX-261533f93c061672,,"signature eta_{mu nu}=diag(-1,+1,+1,+1)",NOT_EXTRACTED,"literature_item=ST-014; mathematical_object=relativistic point-particle worldline action and its mass-shell constraint; source_status_verbatim=textbook-established; independent source confirms the same standard construction as Tong ST-001/002 (cross-source structural agreement, not identical notation)",3ceba44e07c247b6
SCIEQ14-9efadca3d2c633b4,LIT-KIRITSIS-SST,,LIT-KIRITSIS-SST,"p.10-11, eq.(3.1.9),(3.1.13)",10-11,3.1,"(3.1.9),(3.1.13)",LATEX_SOURCE,EXACT_LATEX,SOURCE_EXTRACTED,"S=-\frac{1}{2}\int d\tau\,e(\tau)\left(e^{-2}(\tau)(\dot x^\mu)^2-m^2\right); \quad e=\frac{1}{m}\sqrt{-\ddot x^2}","independently re-derived; used later (3.1.16 onward, not extracted this phase beyond the equation itself) to construct the free-particle propagator via a worldline path integral, including explicit zeta-function regularization of the resulting functional determinant",SCIVAR-1911c10a54c16e72;SCIVAR-91b8f7407353c17a;SCIVAR-b483a2daadf276fe;SCIVAR-42fa3d265c2f18bc;SCIVAR-c1042d647cc3c820;SCIVAR-42e5bad10bbe6ea4;SCIVAR-8657daf296f2b9fe;SCIVAR-750625293ca95bdf;SCIVAR-c47f027e5e120765,SCIOPX-c09a56cbcfb71e55;SCIOPX-690dc187b97d17ab,,allows the massless limit unlike the square-root action,NOT_EXTRACTED,literature_item=ST-015; mathematical_object=einbein-field point-particle action and its on-shell solution for e(tau); source_status_verbatim=textbook-established; matches Tong ST-004's einbein construction structurally (cross-source agreement),0e015471802ebef5
SCIEQ14-5a88281c0c469354,LIT-KIRITSIS-SST,,LIT-KIRITSIS-SST,"p.13-14, eq.(3.2.1),(3.2.4)",13-14,3.2,"(3.2.1),(3.2.4)",LATEX_SOURCE,EXACT_LATEX,SOURCE_EXTRACTED,"S_{NG}=-T\int dA = -T\int\sqrt{-\det G_{ij}}\,d^2\xi","independently constructed by direct analogy with the point-particle length action, exactly parallel to Tong ST-005 (cross-source structural agreement on the defining action of bosonic string theory)",SCIVAR-8d796e39693198fc;SCIVAR-61af4ff2545b2e30;SCIVAR-fed55d534cc0ede2;SCIVAR-339cfe74115f709d;SCIVAR-cdcb5d020963b2ac;SCIVAR-ef19c9b438e978c2;SCIVAR-685c69f4d227d016,SCIOPX-0cbb401483028743;SCIOPX-0b61d50f4e6ed7b1;SCIOPX-ef0f17ed01ea6daa,,flat target spacetime G_{mu nu}=eta_{mu nu} assumed for the explicit component form (3.2.4),NOT_EXTRACTED,"literature_item=ST-016; mathematical_object=Nambu-Goto action, area-of-worldsheet form, with explicit induced-metric definition G_{ij}=G_{mu nu} partial_i X^mu partial_j X^nu; source_status_verbatim=textbook-established",9ab6d9b86aa61981
SCIEQ14-857f56134907343a,LIT-KIRITSIS-SST,,LIT-KIRITSIS-SST,"p.14, eq.(3.2.7),(3.2.8)",14,3.2,"(3.2.7),(3.2.8)",LATEX_SOURCE,EXACT_LATEX,SOURCE_EXTRACTED,"\text{Neumann: } \delta L/\delta X'^\mu|_{\sigma=0,\bar\sigma}=0; \quad \text{Dirichlet: } \delta L/\delta \dot X^\mu|_{\sigma=0,\bar\sigma}=0","stated directly, with Neumann's physical meaning (no momentum flow off string ends) proven explicitly later (via eq after 3.2.46, Tong-side ST-013's closed-string analogue is the periodicity condition instead)",SCIVAR-cae575ccc2d8200e;SCIVAR-1530878c24d9b587;SCIVAR-d905f57d080b4f9a;SCIVAR-a16f68fc84b6b8a9;SCIVAR-a315e88b5ea367fa;SCIVAR-073115e8e72d6424;SCIVAR-70e59d6bf0ff153a;SCIVAR-d0bead2126f4e362;SCIVAR-42003ea215c0408b;SCIVAR-3dbb4380b94b63df;SCIVAR-c95d3dc84bad0189;SCIVAR-9cd0e7942b635c90;SCIVAR-52e72088ef91dfea;SCIVAR-04e4deb80bc9b87c;SCIVAR-cad746a290941b13;SCIVAR-b431e90b97a72e2f;SCIVAR-2606fa6904c326e4;SCIVAR-3a88f38aacba45e9;SCIVAR-8bdbc3d4498f22c5,SCIOPX-3e8ef6c22c6c896a,,"open string worldsheet is a strip, sigma in [0,sigma-bar]",NOT_EXTRACTED,literature_item=ST-017; mathematical_object=open-string boundary conditions (Neumann and Dirichlet); source_status_verbatim=textbook-established; explicitly flagged in-source as relevant to D-branes (not developed further in the pages read this phase),93b60533cc8fa7b6
SCIEQ14-248efdab62cf1c01,LIT-KIRITSIS-SST,,LIT-KIRITSIS-SST,"p.15, eq.(3.2.12),(3.2.13),(3.2.14)",15,3.2,"(3.2.12),(3.2.13),(3.2.14)",LATEX_SOURCE,EXACT_LATEX,SOURCE_EXTRACTED,"S_P=-\frac{T}{2}\int d^2\xi\sqrt{-\det g}\,g^{\alpha\beta}\partial_\alpha X^\mu \partial_\beta X^\nu \eta_{\mu\nu}; \quad T_{\alpha\beta}=-\frac{2}{T}\frac{1}{\sqrt{-\det g}}\frac{\delta S_P}{\delta g^{\alpha\beta}}","independently constructed and varied, exactly parallel to Tong ST-008/ST-009 (cross-source structural agreement on the Polyakov action -- this is the second independent confirmation of the exact S[X] equation named in Part VIII of the L0-ST specification)",SCIVAR-86cc7e9383e088c5;SCIVAR-709b1866c7f5ce00;SCIVAR-9095440f78454687;SCIVAR-67630ea81f16faca;SCIVAR-92488efc129e88ff;SCIVAR-f869ce4cd3ca7b0f;SCIVAR-1529c5f4052bd175;SCIVAR-7276a394e34acb7c;SCIVAR-4180ad50b3e1a5c0;SCIVAR-590715e9cae47280,SCIOPX-70938cf4c44a8236;SCIOPX-2b836d544fa9726f;SCIOPX-b7d8f86c74768744;SCIOPX-1d4d907418357eb8;SCIOPX-d79a4f84e6bc96c5;SCIOPX-c9167ee8f2ba8b03,,flat target space eta_{mu nu},NOT_EXTRACTED,literature_item=ST-018; mathematical_object=Polyakov action and the worldsheet stress tensor defined as its metric variation; source_status_verbatim=textbook-established,a58b83594eeecdac
SCIEQ14-1fa8ee58dd1305de,LIT-KIRITSIS-SST,,LIT-KIRITSIS-SST,"p.16, eq.(3.2.16),(3.2.17)",16,3.2,"(3.2.16),(3.2.17)",LATEX_SOURCE,EXACT_LATEX,SOURCE_EXTRACTED,"\lambda_1\int\sqrt{-\det g}\ (\text{cosmological term, forbidden}); \quad \lambda_2\int\sqrt{-\det g}\,R^{(2)}\ (\text{Gauss-Bonnet, topological})","explicitly proven that the cosmological term forces trivial dynamics (g_{alpha beta}=0) if lambda_1 != 0, and that the Gauss-Bonnet term is a pure topological invariant (Euler number) with no effect on local equations of motion",SCIVAR-88cc839a9d97060d;SCIVAR-5c633d9e42305fea;SCIVAR-19aed5b7c0b6d086;SCIVAR-5ce285fe0fd5f35f;SCIVAR-e4f35160071ffc0f;SCIVAR-c57e4cd437328e21;SCIVAR-2a12f04a26b879a0;SCIVAR-0f307bcd45f6233f;SCIVAR-02979228a0ad9ac8;SCIVAR-93ead42444058f7e;SCIVAR-664d18e67c66826a;SCIVAR-86623b0253acc754;SCIVAR-abddb721552c524e;SCIVAR-3a56b2291ecca47a;SCIVAR-62bc5d0a89c3f2ae;SCIVAR-4cdef0c1f089c726;SCIVAR-694b4a3caf453170;SCIVAR-ca46a1ded9213dc0;SCIVAR-3a98096423a8cb56;SCIVAR-f055b1e551578ee3;SCIVAR-8e193b280b378081;SCIVAR-6b2b43e7900081b3,SCIOPX-841ee96fab02d2a5;SCIOPX-c760ed69d2804ba6;SCIOPX-57857185994d71f9,,Weyl invariance imposed as a hard constraint on allowed terms,NOT_EXTRACTED,literature_item=ST-019; mathematical_object=classification of the only two additional terms Weyl invariance permits to be added to the Polyakov action; source_status_verbatim=textbook-established; directly relevant to any future UOC variational construction wanting to know what symmetry-compatible terms exist,f591b30c51d12a0d
SCIEQ14-0db4d92b1deafdd2,LIT-KIRITSIS-SST,,LIT-KIRITSIS-SST,"p.16-17, eq.(3.2.18)-(3.2.24)",16-17,3.2,(3.2.18)-(3.2.24),LATEX_SOURCE,EXACT_LATEX,SOURCE_EXTRACTED,\delta X^\mu=\omega^\mu_{\ \nu}X^\nu+\alpha^\mu\ (\text{Poincare}); \ \delta g_{\alpha\beta}=\nabla_\alpha\xi_\beta+\nabla_\beta\xi_\alpha\ (\text{reparam}); \ \delta g_{\alpha\beta}=2\Lambda g_{\alpha\beta}\ (\text{Weyl}),"independently derives the tracelessness of the stress tensor from conformal invariance for a GENERAL action S(g_{alpha beta}, phi^i), then specializes to the bosonic string -- this is a more general derivation than Tong's, showing tracelessness follows for ANY conformally invariant 2D theory with d_i=0 fields (eq 3.2.21-23)",SCIVAR-a57c1737234050e3;SCIVAR-40255c69f188d80f;SCIVAR-1f473decebc2af44;SCIVAR-5eff5b21edeb31f3;SCIVAR-58d9962041d7a715;SCIVAR-8b35997388221fab;SCIVAR-e77ffbdf001321e3;SCIVAR-213933ac11e9826f;SCIVAR-35bf0a8800a51859;SCIVAR-46c0cde3af5761d8;SCIVAR-f025ebbff3fe44de;SCIVAR-bc27fb00d234ee7c;SCIVAR-9cd5459815494b30;SCIVAR-1816a022c65b7de0;SCIVAR-d08bc893df2c25b5;SCIVAR-56499a1e69dd60bd;SCIVAR-60e43cf53b727028;SCIVAR-95723d232a36f63d;SCIVAR-a5da9e568e0d87f6;SCIVAR-23abf3e33e914c9f;SCIVAR-334e95ee20169833,SCIOPX-2ed30745a4604057;SCIOPX-6501c5771c174fa8;SCIOPX-f653d8bc03644ffe,,same as ST-010,NOT_EXTRACTED,"literature_item=ST-020; mathematical_object=the same three-symmetry structure as Tong ST-010 (Poincare/reparametrization/Weyl), independently presented; source_status_verbatim=textbook-established; this general conformal-invariance-implies-traceless-stress-tensor argument (eq 3.2.21-23) is a reusable, independently-derived mathematical fact not explicitly given in the Tong pages read this phase",5ae5a2e2c97144ef
SCIEQ14-7daaa97b150a706b,LIT-KIRITSIS-SST,,LIT-KIRITSIS-SST,"p.18, eq.(3.2.34)-(3.2.37)",18,3.2,(3.2.34)-(3.2.37),LATEX_SOURCE,EXACT_LATEX,SOURCE_EXTRACTED,"\partial_+\partial_- X^\mu=0\ (\text{e.o.m., conformal gauge}); \quad T_{\alpha\beta}=0\ (\text{Virasoro constraints})",independently re-derived (cross-source agreement with Tong ST-012),SCIVAR-ca768e78badf2ae1;SCIVAR-5e8c5445dc8a37e7;SCIVAR-e31d63643c5cdbc0;SCIVAR-f414c09aa7742e98;SCIVAR-146258d4d578a997;SCIVAR-0280fbf13682a022;SCIVAR-eafa244cbfbcf73c;SCIVAR-bc915e7e17ba1fc3;SCIVAR-39453c27105e46eb;SCIVAR-31b61aad01d76c65;SCIVAR-df4412d5a8088d91;SCIVAR-cd799a6ca2bb3201;SCIVAR-33b672ecf1dce235;SCIVAR-623fd134e169eab9;SCIVAR-55925a4646a92cf9;SCIVAR-569104527ee3aba5;SCIVAR-504f20e67b4655d3,SCIOPX-ec3cb65a6f4c9baa;SCIOPX-bd0aed9343acca8d,,conformal gauge already fixed,NOT_EXTRACTED,literature_item=ST-021; mathematical_object=free wave equation and Virasoro constraints in conformal gauge -- independently matches Tong ST-012; source_status_verbatim=textbook-established,1277058345bec84a
SCIEQ14-bde51406a61b96e9,LIT-KIRITSIS-SST,,LIT-KIRITSIS-SST,"p.18-19, eq.(3.2.41)-(3.2.46)",18-19,3.2,(3.2.41)-(3.2.46),LATEX_SOURCE,EXACT_LATEX,SOURCE_EXTRACTED,"Q_f=\int_0^{\bar\sigma}d\sigma\,f(\xi^+)T_{++}(\xi^+); \quad P_\mu^\alpha=-T\sqrt{\det g}\,g^{\alpha\beta}\partial_\beta X_\mu; \quad J_{\mu\nu}^\alpha=-T\sqrt{\det g}\,g^{\alpha\beta}(X_\mu\partial_\beta X_\nu-X_\nu\partial_\beta X_\mu)","directly, explicitly derived Noether-current construction: this is a genuine, fully worked example of 'symmetry -> Noether current -> conserved charge -> proof of conservation via the field equations,' precisely the structure the canonical MDCL's unregistered NOETHER-SYMMETRY and CONSERVATION-LAW nodes require",SCIVAR-b9285d737805be0d;SCIVAR-8630e85ecb1badef;SCIVAR-c9dc391396d56ced;SCIVAR-72b2924462bb710c;SCIVAR-46ec17dd30ba1f79;SCIVAR-c74528995019a2e5;SCIVAR-576312afa5f2799f;SCIVAR-951d8100dce93af3;SCIVAR-0cffd06e21785977;SCIVAR-66307a138c08913a;SCIVAR-562dc1a936935f20;SCIVAR-a9b923e9db839602;SCIVAR-5bbfb76ceb34d93a,SCIOPX-b17ac5d8271262f8;SCIOPX-55a3c0715b8ede5f;SCIOPX-a27de4267fdbb0c9;SCIOPX-f6dea256dfadb4b2,,closed-string boundary terms vanish automatically; open strings require Neumann conditions,NOT_EXTRACTED,"literature_item=ST-022; mathematical_object=Noether currents and conserved charges of the Polyakov action: an infinite family Q_f from the traceless stress tensor, plus explicit momentum P_mu and angular-momentum J_{mu nu} currents from Poincare invariance; source_status_verbatim=textbook-established; HIGH VALUE for the Symmetry/Conservation recovery per Part VIII/IX of the L0-ST spec -- an explicit, source-derived worked example, not merely an assertion",716d94debbc26f5c
SCIEQ14-6314064e70afa0d6,LIT-KIRITSIS-SST,,LIT-KIRITSIS-SST,"p.19-20, eq.(3.3.2)-(3.3.9)",19-20,3.3,(3.3.2)-(3.3.9),LATEX_SOURCE,EXACT_LATEX,SOURCE_EXTRACTED,"X^\mu(\tau,\sigma)=X_L^\mu(\tau+\sigma)+X_R^\mu(\tau-\sigma); \quad \alpha_0^\mu=\bar\alpha_0^\mu=\frac{1}{\sqrt{4\pi T}}p^\mu",independently solved (cross-source agreement with Tong ST-013); explicitly shows open-string boundary condition forces p^mu=bar-p^mu and merges the two mode towers,SCIVAR-160d45bf06d79605;SCIVAR-82c286b687f636bb;SCIVAR-ff0e45a08957c6a7;SCIVAR-dd87e78f0d07abad;SCIVAR-656db27f1f344227;SCIVAR-8342fd844e3e0453;SCIVAR-ffa22f1bb6a08c43;SCIVAR-899467019e348bd1;SCIVAR-35db29ede8d06ced;SCIVAR-c40791c43025f33d,SCIOPX-8771dd8994befcff,,"closed-string periodicity or open-string Neumann boundary condition (giving alpha_k=bar-alpha_k, left/right movers mixed at the boundary)",NOT_EXTRACTED,literature_item=ST-023; mathematical_object=closed- and open-string oscillator mode expansions -- independently matches Tong ST-013 with different normalization convention; source_status_verbatim=textbook-established,13c3e04e64a6bd2d
SCIEQ14-92184d700fdbe1c8,LIT-KIRITSIS-SST,,LIT-KIRITSIS-SST,"p.21, eq.(3.3.16),(3.3.17)",21,3.3,"(3.3.16),(3.3.17)",LATEX_SOURCE,EXACT_LATEX,SOURCE_EXTRACTED,"\{X^\mu(\sigma,\tau),\dot X^\nu(\sigma',\tau)\}_{PB}=\frac{1}{T}\delta(\sigma-\sigma')\eta^{\mu\nu}; \quad \{\alpha_m^\mu,\alpha_n^\nu\}=\{\bar\alpha_m^\mu,\bar\alpha_n^\nu\}=-im\delta_{m+n,0}\eta^{\mu\nu}",directly derived from the fundamental field/momentum bracket via the mode expansion,SCIVAR-0b5d999ab006a047;SCIVAR-8cc54ac617e3cc24;SCIVAR-79ce811a3e80ed1a;SCIVAR-0a3d45cb0b0af2d2;SCIVAR-d35cb5254692e8c4;SCIVAR-fbe50a548b2ca3a6;SCIVAR-520c50b64ff522a7;SCIVAR-0e528bf4e432cf57;SCIVAR-a53690483a29eed4;SCIVAR-c4bd7206e5bf2612;SCIVAR-40766753eb34bce1;SCIVAR-9273b0bb727dbac6;SCIVAR-ca08a3251b383877;SCIVAR-82fcb08b8c5d2fa3,SCIOPX-998b7928f66fbcf4;SCIOPX-d00de308a58e58d2,,"classical (pre-quantization) theory only -- this is the classical algebra, not yet the quantum commutator algebra (which appears in Ch.4, not read this phase)",NOT_EXTRACTED,"literature_item=ST-024; mathematical_object=canonical (equal-time) Poisson brackets for the classical string field and the resulting oscillator-mode brackets; source_status_verbatim=textbook-established; this is the classical precursor to canonical quantization, explicitly NOT yet quantization itself",17cfd58a94975b2e
SCIEQ14-154d2edfcb91e9d6,LIT-KIRITSIS-SST,,LIT-KIRITSIS-SST,"p.22, eq.(3.3.21)-(3.3.27)",22,3.3,(3.3.21)-(3.3.27),LATEX_SOURCE,EXACT_LATEX,SOURCE_EXTRACTED,"L_m=\frac{1}{2}\sum_n \alpha_{m-n}\alpha_n; \quad \{L_m,L_n\}_{PB}=-i(m-n)L_{m+n}",directly derived from the mode-expanded stress tensor and the oscillator Poisson brackets (ST-024); explicitly identifies H=L_0+bar-L_0 (closed) or H=L_0 (open) as the worldsheet Hamiltonian,SCIVAR-b2f52f38f38848a7;SCIVAR-36e1345a67730cf2;SCIVAR-5f5ee92289327c15;SCIVAR-d37eb79096a5f7e1;SCIVAR-fd5f491cf1bb5bd4;SCIVAR-088ed7ecb309707a;SCIVAR-d43db0eaa0039eec;SCIVAR-5dd39d20711d9032;SCIVAR-a054af70a43ae4a5;SCIVAR-2063cbb04e9dbe61,SCIOPX-9edd4e5a9325a696,,"conformal gauge; closed-string case shown explicitly, open-string case (no bar-L's) noted",NOT_EXTRACTED,"literature_item=ST-025; mathematical_object=Virasoro generators as Fourier modes of the (traceless) stress tensor, and the classical Virasoro algebra they satisfy under Poisson bracket; source_status_verbatim=textbook-established; this is the CLASSICAL Virasoro algebra -- the quantum Virasoro algebra (with its central-charge anomaly term) is NOT in the pages read this phase (it appears in Ch.4/Tong Ch.4, not extracted here)",a298e7d82a66d199
