dataset,exponent,N,epsilon,k_or_bandwidth_mult_or_alpha,connected,spectral_residual,operator_residual,fit_stability,boundary_fraction,density_variation_or_sparsity,status
desi_original_exponent,2.5,800,85.5078,1.0,True,4.752754425324519e-24,,,,0.0773125,OK
desi_original_exponent,2.5,1500,66.5669,1.0,True,3.7132616528363874e-24,,0.657570585446771,,0.04272,OK
desi_original_exponent,2.5,2500,54.2776,1.0,True,4.361697958045489e-24,,0.7369507883132976,,0.02547328,OK
desi_original_exponent,2.5,4000,45.2016,1.0,True,6.463953785007225e-24,,0.6058685947439748,,0.015631625,OK
desi_corrected_exponent,5.0,800,85.5078,1.0,True,5.601115670181581e-29,,,,0.0773125,OK
desi_corrected_exponent,5.0,1500,66.5669,1.0,True,1.1361472256120398e-28,,0.3596172051367086,,0.04272,OK
desi_corrected_exponent,5.0,2500,54.2776,1.0,True,3.0582849516128117e-28,,0.5618430401954762,,0.02547328,OK
desi_corrected_exponent,5.0,4000,45.2016,1.0,True,4.6312111425384e-28,,0.3772569212305514,,0.015631625,OK
synthetic_uniform_box,5.0,800,12.6670,1.0,True,6.006057205989573e-25,,,,0.10348125,OK
synthetic_uniform_box,5.0,1500,10.1526,1.0,True,7.024901024301737e-25,,0.15494999035845422,,0.05818488888888889,OK
synthetic_uniform_box,5.0,2500,8.2250,1.0,True,1.408691006558507e-24,,0.14113014820944425,,0.03286592,OK
synthetic_uniform_box,5.0,4000,7.0638,1.0,True,1.922934047047092e-24,,0.1820169768089666,,0.02137825,OK
synthetic_clustered,5.0,800,5.8951,1.0,True,5.555034801176426e-23,,,,0.077384375,OK
synthetic_clustered,5.0,1500,4.7980,1.0,True,5.700518422583458e-23,,0.9984066322629229,,0.05162933333333333,OK
synthetic_clustered,5.0,2500,3.8636,1.0,True,8.838715650813201e-23,,0.9987587121810945,,0.03192928,OK
synthetic_clustered,5.0,4000,3.3710,1.0,True,1.1616868232757178e-22,,0.9805758446769108,,0.023096,OK
synthetic_masked,5.0,800,11.6164,1.0,True,7.019726096763487e-25,,,,0.093740625,OK
synthetic_masked,5.0,1500,9.1089,1.0,True,1.5162285251582353e-24,,1.012332866394331,,0.050141333333333336,OK
synthetic_masked,5.0,2500,7.6888,1.0,True,2.4024664205197288e-24,,0.3498208041462198,,0.03221376,OK
synthetic_masked,5.0,4000,6.5120,1.0,True,2.4670015534540493e-24,,0.2647181714420691,,0.020277875,OK
synthetic_desi_radial_selection,5.0,800,10.2219,1.0,True,1.3569669747249757e-24,,,,0.063503125,OK
synthetic_desi_radial_selection,5.0,1500,8.5071,1.0,True,2.0764077822770107e-24,,0.24570172138608085,,0.042750222222222224,OK
synthetic_desi_radial_selection,5.0,2500,7.0548,1.0,True,3.0072135013493982e-24,,0.21367931032001297,,0.0272528,OK
synthetic_desi_radial_selection,5.0,4000,6.0111,1.0,True,3.6793987232446015e-24,,0.1322816143055131,,0.018276,OK
alpha_norm_desi_alpha=0.0,5.0,800,85.5078,0.0,True,5.601115670181581e-29,,,,,OK
alpha_norm_desi_alpha=0.0,5.0,1500,66.5669,0.0,True,1.1361472256120398e-28,,0.3596172051367086,,,OK
alpha_norm_desi_alpha=0.0,5.0,2500,54.2776,0.0,True,3.0582849516128117e-28,,0.5618430401954762,,,OK
alpha_norm_desi_alpha=0.0,5.0,4000,45.2016,0.0,True,4.6312111425384e-28,,0.3772569212305514,,,OK
alpha_norm_uniform_alpha=0.0,5.0,800,12.6670,0.0,True,6.006057205989573e-25,,,,,OK
alpha_norm_uniform_alpha=0.0,5.0,1500,10.1526,0.0,True,7.024901024301737e-25,,0.15494999035845422,,,OK
alpha_norm_uniform_alpha=0.0,5.0,2500,8.2250,0.0,True,1.408691006558507e-24,,0.14113014820944425,,,OK
alpha_norm_uniform_alpha=0.0,5.0,4000,7.0638,0.0,True,1.922934047047092e-24,,0.1820169768089666,,,OK
alpha_norm_clustered_alpha=0.0,5.0,800,5.8951,0.0,True,5.555034801176426e-23,,,,,OK
alpha_norm_clustered_alpha=0.0,5.0,1500,4.7980,0.0,True,5.700518422583458e-23,,0.9984066322629229,,,OK
alpha_norm_clustered_alpha=0.0,5.0,2500,3.8636,0.0,True,8.838715650813201e-23,,0.9987587121810945,,,OK
alpha_norm_clustered_alpha=0.0,5.0,4000,3.3710,0.0,True,1.1616868232757178e-22,,0.9805758446769108,,,OK
alpha_norm_desi_alpha=1.0,5.0,800,85.5078,1.0,True,2.887970470207548e-29,,,,,OK
alpha_norm_desi_alpha=1.0,5.0,1500,66.5669,1.0,True,9.269823506243935e-29,,0.35225832013957525,,,OK
alpha_norm_desi_alpha=1.0,5.0,2500,54.2776,1.0,True,9.205183664621247e-29,,0.11908411889642247,,,OK
alpha_norm_desi_alpha=1.0,5.0,4000,45.2016,1.0,True,9.78650978255872e-27,,0.27075886303186225,,,OK
alpha_norm_uniform_alpha=1.0,5.0,800,12.6670,1.0,True,8.652857497188234e-26,,,,,OK
alpha_norm_uniform_alpha=1.0,5.0,1500,10.1526,1.0,True,1.6110432950785591e-25,,0.1359650592393355,,,OK
alpha_norm_uniform_alpha=1.0,5.0,2500,8.2250,1.0,True,4.032152076510471e-25,,0.28431541931240856,,,OK
alpha_norm_uniform_alpha=1.0,5.0,4000,7.0638,1.0,True,4.08768788423803e-25,,0.07462495528412427,,,OK
alpha_norm_clustered_alpha=1.0,5.0,800,5.8951,1.0,True,7.689548522475372e-22,,,,,OK
alpha_norm_clustered_alpha=1.0,5.0,1500,4.7980,1.0,True,3.0678373988067606e-22,,0.992068530902568,,,OK
alpha_norm_clustered_alpha=1.0,5.0,2500,3.8636,1.0,True,3.774699461522365e-19,,27.6255878403399,,,OK
alpha_norm_clustered_alpha=1.0,5.0,4000,3.3710,1.0,True,4.392010176146025e-20,,1.3461931254774087,,,OK
desi_full_footprint,5.0,800,85.5100,1.0,True,,,,1.0,,OK
desi_full_footprint,5.0,1500,66.5700,1.0,True,,,0.3596172051367086,1.0,,OK
desi_full_footprint,5.0,2500,54.2800,1.0,True,,,0.5618430401954762,1.0,,OK
desi_full_footprint,5.0,4000,45.2000,1.0,True,,,0.3772569212305514,1.0,,OK
desi_interior_only_60pct,5.0,800,68.7700,1.0,True,,,,0.6,,OK
desi_interior_only_60pct,5.0,1500,54.8900,1.0,True,,,0.27173173113577354,0.6,,OK
desi_interior_only_60pct,5.0,2500,44.4300,1.0,True,,,0.6055365899436023,0.6,,OK
desi_interior_only_60pct,5.0,4000,36.7000,1.0,True,,,0.31226636519217826,0.6,,OK
redshift_slice_full_pilot_0.4_0.6,5.0,800,,1.0,True,,,,,2.0805211133382863e-05,OK
redshift_slice_full_pilot_0.4_0.6,5.0,1500,,1.0,True,,,0.3596172051367086,,2.0805211133382863e-05,OK
redshift_slice_full_pilot_0.4_0.6,5.0,2500,,1.0,True,,,0.5618430401954762,,2.0805211133382863e-05,OK
redshift_slice_full_pilot_0.4_0.6,5.0,4000,,1.0,True,,,0.3772569212305514,,2.0805211133382863e-05,OK
redshift_slice_narrow_0.45_0.55,5.0,800,,1.0,True,,,,,2.0340189015726175e-05,OK
redshift_slice_narrow_0.45_0.55,5.0,1500,,1.0,True,,,0.30368494216922065,,2.0340189015726175e-05,OK
redshift_slice_narrow_0.45_0.55,5.0,2500,,1.0,True,,,0.4750659405442052,,2.0340189015726175e-05,OK
redshift_slice_narrow_0.45_0.55,5.0,4000,,1.0,True,,,0.5892006995243233,,2.0340189015726175e-05,OK
redshift_slice_narrow_0.40_0.50,5.0,800,,1.0,True,,,,,2.07835294077385e-05,OK
redshift_slice_narrow_0.40_0.50,5.0,1500,,1.0,True,,,0.9818250382058696,,2.07835294077385e-05,OK
redshift_slice_narrow_0.40_0.50,5.0,2500,,1.0,True,,,0.6050317099764266,,2.07835294077385e-05,OK
redshift_slice_narrow_0.40_0.50,5.0,4000,,1.0,True,,,0.5584439023584803,,2.07835294077385e-05,OK
knn_sweep_desi,5.0,2000,111.9831,8,True,4.679514691626215e-30,,,,0.6697744417732143,OK
knn_sweep_desi,5.0,2000,144.1602,16,True,2.6443981101408942e-30,,,,0.5317467712627572,OK
knn_sweep_desi,5.0,2000,185.7224,32,True,1.8263593662624158e-30,,,,0.46878780074246656,OK
knn_sweep_desi,5.0,2000,241.0410,64,True,6.160086927122574e-31,,,,0.43411410167680686,OK
knn_sweep_desi,5.0,2000,313.2721,128,True,3.6101556807538736e-31,,,,0.42683309568891536,OK
operator_action_linear_(Delta=0_exact),5.0,3000,,1.0,True,,232457.80807451397,,,,OK
operator_action_quadratic_(Delta=6_exact),5.0,3000,,1.0,True,,1.0000000000000402,,,,OK
operator_action_desi_no_reference,5.0,3000,,1.0,True,,1.363162089821437e-10,,,,OK
