structure_id,structure_type,source_id,source_location,equation_ids,definition,evidence,provenance
SCISTRUCT-6e7c68f42b0f257c,RIEMANNIAN_MANIFOLD,LIT-TONG-ST,"p.14, eq.(1.11)-(1.14)",SCIEQ14-6bb9053ae9ad5986,Nambu-Goto action: worldsheet induced metric gamma_{alpha beta} (pullback of flat spacetime metric) and the action proportional to worldsheet area,Nambu-Goto action: worldsheet induced metric gamma_{alpha beta} (pullback of flat spacetime metric) and the action proportional to worldsheet area constructed by direct analogy with the point-particle,literature_item=ST-005; keyword_match='worldsheet'
SCISTRUCT-fe9da75bcfb98aa7,RIEMANNIAN_MANIFOLD,LIT-TONG-ST,"p.18, eq.(1.22)",SCIEQ14-eaf7d62e54f4df58,Polyakov action: introduces an independent dynamical worldsheet metric g_{alpha beta} to eliminate the Nambu-Goto square root,"Polyakov action: introduces an independent dynamical worldsheet metric g_{alpha beta} to eliminate the Nambu-Goto square root this IS the requested S[X] from Part VIII of the L0-ST specification, conf",literature_item=ST-008; keyword_match='worldsheet'
SCISTRUCT-f58a24ae0795e3e6,RIEMANNIAN_MANIFOLD,LIT-TONG-ST,"p.19, eq.(1.24),(1.25)",SCIEQ14-22d79128040268f5,worldsheet metric's own equation of motion (stress tensor T_{alpha beta}=0 solved for g),"worldsheet metric's own equation of motion (stress tensor T_{alpha beta}=0 solved for g) directly derived, eq (1.24)",literature_item=ST-009; keyword_match='worldsheet'
SCISTRUCT-1c05d1e550f4bd31,LIE_GROUP,LIT-TONG-ST,"p.20-21, eq.(1.6),(1.26)-(1.29)",SCIEQ14-5835632f29fed650,"the three symmetries of the Polyakov action: Poincare invariance (global spacetime symmetry), reparametrization invariance (worldsheet diffeomorphism, gauge), Weyl invariance (local worldsheet rescaling, gauge)","the three symmetries of the Polyakov action: Poincare invariance (global spacetime symmetry), reparametrization invariance (worldsheet diffeomorphism, gauge), Weyl invariance (local worldsheet rescali",literature_item=ST-010; keyword_match='Poincare'
SCISTRUCT-91afc5df8d4a785c,RIEMANNIAN_MANIFOLD,LIT-TONG-ST,"p.20-21, eq.(1.6),(1.26)-(1.29)",SCIEQ14-5835632f29fed650,"the three symmetries of the Polyakov action: Poincare invariance (global spacetime symmetry), reparametrization invariance (worldsheet diffeomorphism, gauge), Weyl invariance (local worldsheet rescaling, gauge)","the three symmetries of the Polyakov action: Poincare invariance (global spacetime symmetry), reparametrization invariance (worldsheet diffeomorphism, gauge), Weyl invariance (local worldsheet rescali",literature_item=ST-010; keyword_match='worldsheet'
SCISTRUCT-7a69a39bf45aa9bd,MANIFOLD_STRUCTURE,LIT-TONG-ST,"p.22, eq.(1.27),(1.28),(1.29)",SCIEQ14-6901253f3183f90f,"conformal gauge fixing (using reparametrization to reach locally-conformally-flat form, then Weyl to remove the remaining conformal factor entirely); the 2D Weyl transformation law for the Ricci scalar","conformal gauge fixing (using reparametrization to reach locally-conformally-flat form, then Weyl to remove the remaining conformal factor entirely); the 2D Weyl transformation law for the Ricci scala",literature_item=ST-011; keyword_match='conformal'
SCISTRUCT-c7493b349a8057a1,ALGEBRA,LIT-TONG-ST,"p.23-25, eq.(1.4.1)",SCIEQ14-41e708831132cdae,"residual equations of motion for the metric after gauge-fixing (Virasoro constraints), plus the free-field wave equation for X","residual equations of motion for the metric after gauge-fixing (Virasoro constraints), plus the free-field wave equation for X obtained by varying the gauge-fixed Polyakov action; explicitly identifie",literature_item=ST-012; keyword_match='Virasoro'
SCISTRUCT-05c9ac02c29b235a,RIEMANNIAN_MANIFOLD,LIT-KIRITSIS-SST,"p.13-14, eq.(3.2.1),(3.2.4)",SCIEQ14-5a88281c0c469354,"Nambu-Goto action, area-of-worldsheet form, with explicit induced-metric definition G_{ij}=G_{mu nu} partial_i X^mu partial_j X^nu","Nambu-Goto action, area-of-worldsheet form, with explicit induced-metric definition G_{ij}=G_{mu nu} partial_i X^mu partial_j X^nu independently constructed by direct analogy with the point-particle l",literature_item=ST-016; keyword_match='worldsheet'
SCISTRUCT-4a5b7c3e2724e915,RIEMANNIAN_MANIFOLD,LIT-KIRITSIS-SST,"p.15, eq.(3.2.12),(3.2.13),(3.2.14)",SCIEQ14-248efdab62cf1c01,Polyakov action and the worldsheet stress tensor defined as its metric variation,"Polyakov action and the worldsheet stress tensor defined as its metric variation independently constructed and varied, exactly parallel to Tong ST-008/ST-009 (cross-source structural agreement on the ",literature_item=ST-018; keyword_match='worldsheet'
SCISTRUCT-ca97497c51570b9f,LIE_GROUP,LIT-KIRITSIS-SST,"p.16-17, eq.(3.2.18)-(3.2.24)",SCIEQ14-0db4d92b1deafdd2,"the same three-symmetry structure as Tong ST-010 (Poincare/reparametrization/Weyl), independently presented","the same three-symmetry structure as Tong ST-010 (Poincare/reparametrization/Weyl), independently presented independently derives the tracelessness of the stress tensor from conformal invariance for a",literature_item=ST-020; keyword_match='Poincare'
SCISTRUCT-d5ac5e0a188b948c,MANIFOLD_STRUCTURE,LIT-KIRITSIS-SST,"p.16-17, eq.(3.2.18)-(3.2.24)",SCIEQ14-0db4d92b1deafdd2,"the same three-symmetry structure as Tong ST-010 (Poincare/reparametrization/Weyl), independently presented","the same three-symmetry structure as Tong ST-010 (Poincare/reparametrization/Weyl), independently presented independently derives the tracelessness of the stress tensor from conformal invariance for a",literature_item=ST-020; keyword_match='conformal'
SCISTRUCT-9b0c07f9a955d3ed,ALGEBRA,LIT-KIRITSIS-SST,"p.18, eq.(3.2.34)-(3.2.37)",SCIEQ14-7daaa97b150a706b,free wave equation and Virasoro constraints in conformal gauge -- independently matches Tong ST-012,free wave equation and Virasoro constraints in conformal gauge -- independently matches Tong ST-012 independently re-derived (cross-source agreement with Tong ST-012),literature_item=ST-021; keyword_match='Virasoro'
SCISTRUCT-84bae8411e3356bd,MANIFOLD_STRUCTURE,LIT-KIRITSIS-SST,"p.18, eq.(3.2.34)-(3.2.37)",SCIEQ14-7daaa97b150a706b,free wave equation and Virasoro constraints in conformal gauge -- independently matches Tong ST-012,free wave equation and Virasoro constraints in conformal gauge -- independently matches Tong ST-012 independently re-derived (cross-source agreement with Tong ST-012),literature_item=ST-021; keyword_match='conformal'
SCISTRUCT-f35839b9bafb8391,LIE_GROUP,LIT-KIRITSIS-SST,"p.18-19, eq.(3.2.41)-(3.2.46)",SCIEQ14-bde51406a61b96e9,"Noether currents and conserved charges of the Polyakov action: an infinite family Q_f from the traceless stress tensor, plus explicit momentum P_mu and angular-momentum J_{mu nu} currents from Poincare invariance","Noether currents and conserved charges of the Polyakov action: an infinite family Q_f from the traceless stress tensor, plus explicit momentum P_mu and angular-momentum J_{mu nu} currents from Poincar",literature_item=ST-022; keyword_match='Poincare'
SCISTRUCT-96011a52f9cd30f1,ALGEBRA,LIT-KIRITSIS-SST,"p.22, eq.(3.3.21)-(3.3.27)",SCIEQ14-154d2edfcb91e9d6,"Virasoro generators as Fourier modes of the (traceless) stress tensor, and the classical Virasoro algebra they satisfy under Poisson bracket","Virasoro generators as Fourier modes of the (traceless) stress tensor, and the classical Virasoro algebra they satisfy under Poisson bracket directly derived from the mode-expanded stress tensor and t",literature_item=ST-025; keyword_match='Virasoro'
SCISTRUCT-88f2f5f91148ca3e,RIEMANNIAN_MANIFOLD,LIT-KIRITSIS-SST,"p.22, eq.(3.3.21)-(3.3.27)",SCIEQ14-154d2edfcb91e9d6,"Virasoro generators as Fourier modes of the (traceless) stress tensor, and the classical Virasoro algebra they satisfy under Poisson bracket","Virasoro generators as Fourier modes of the (traceless) stress tensor, and the classical Virasoro algebra they satisfy under Poisson bracket directly derived from the mode-expanded stress tensor and t",literature_item=ST-025; keyword_match='worldsheet'
