variable_id,equation_id,literal_symbol,local_definition,role,mathematical_type,source_id,source_location,extraction_method,confidence
SCIVAR-9f8eb925a2709522,SCIEQ14-556b25ab5e26d0d6,S,UNKNOWN,VARIABLE_TOKEN,UNRESOLVED,LIT-TONG-ST,"p.9, eq.(1.1)",LATEX_SOURCE,TOKENIZER_HEURISTIC
SCIVAR-def4ff973e5c7b29,SCIEQ14-556b25ab5e26d0d6,m,UNKNOWN,VARIABLE_TOKEN,UNRESOLVED,LIT-TONG-ST,"p.9, eq.(1.1)",LATEX_SOURCE,TOKENIZER_HEURISTIC
SCIVAR-de1f1cac8b67a9b0,SCIEQ14-556b25ab5e26d0d6,d,UNKNOWN,VARIABLE_TOKEN,UNRESOLVED,LIT-TONG-ST,"p.9, eq.(1.1)",LATEX_SOURCE,TOKENIZER_HEURISTIC
SCIVAR-86fce8fe67cd1317,SCIEQ14-556b25ab5e26d0d6,t,UNKNOWN,VARIABLE_TOKEN,UNRESOLVED,LIT-TONG-ST,"p.9, eq.(1.1)",LATEX_SOURCE,TOKENIZER_HEURISTIC
SCIVAR-a462e36554c8306b,SCIEQ14-556b25ab5e26d0d6,\dot{\vec{x}},UNKNOWN,VARIABLE_TOKEN,UNRESOLVED,LIT-TONG-ST,"p.9, eq.(1.1)",LATEX_SOURCE,TOKENIZER_HEURISTIC
SCIVAR-8d9fd34b687e40e3,SCIEQ14-d81a6cb5216b8059,S,UNKNOWN,VARIABLE_TOKEN,UNRESOLVED,LIT-TONG-ST,"p.10, eq.(1.2)",LATEX_SOURCE,TOKENIZER_HEURISTIC
SCIVAR-54a25a84e2c555aa,SCIEQ14-d81a6cb5216b8059,m,UNKNOWN,VARIABLE_TOKEN,UNRESOLVED,LIT-TONG-ST,"p.10, eq.(1.2)",LATEX_SOURCE,TOKENIZER_HEURISTIC
SCIVAR-78920a75b98fe975,SCIEQ14-d81a6cb5216b8059,d,UNKNOWN,VARIABLE_TOKEN,UNRESOLVED,LIT-TONG-ST,"p.10, eq.(1.2)",LATEX_SOURCE,TOKENIZER_HEURISTIC
SCIVAR-280f293cd895c0ad,SCIEQ14-d81a6cb5216b8059,\tau,UNKNOWN,VARIABLE_TOKEN,INDEX_OR_SCALAR_UNRESOLVED,LIT-TONG-ST,"p.10, eq.(1.2)",LATEX_SOURCE,TOKENIZER_HEURISTIC
SCIVAR-07f87396623aab7e,SCIEQ14-d81a6cb5216b8059,\dot{X}^\mu,UNKNOWN,VARIABLE_TOKEN,UNRESOLVED,LIT-TONG-ST,"p.10, eq.(1.2)",LATEX_SOURCE,TOKENIZER_HEURISTIC
SCIVAR-888419138a7d60c2,SCIEQ14-d81a6cb5216b8059,\dot{X}^\nu,UNKNOWN,VARIABLE_TOKEN,UNRESOLVED,LIT-TONG-ST,"p.10, eq.(1.2)",LATEX_SOURCE,TOKENIZER_HEURISTIC
SCIVAR-3d3e41711aca2d87,SCIEQ14-d81a6cb5216b8059,\eta_{\mu\nu},UNKNOWN,VARIABLE_TOKEN,INDEX_OR_SCALAR_UNRESOLVED,LIT-TONG-ST,"p.10, eq.(1.2)",LATEX_SOURCE,TOKENIZER_HEURISTIC
SCIVAR-48e1d879f4921cc3,SCIEQ14-3a5aff81a78739a8,p_\mu,UNKNOWN,VARIABLE_TOKEN,UNRESOLVED,LIT-TONG-ST,"p.11, eq.(1.5),(1.7)",LATEX_SOURCE,TOKENIZER_HEURISTIC
SCIVAR-e8e442e30b044d88,SCIEQ14-3a5aff81a78739a8,p^\mu,UNKNOWN,VARIABLE_TOKEN,UNRESOLVED,LIT-TONG-ST,"p.11, eq.(1.5),(1.7)",LATEX_SOURCE,TOKENIZER_HEURISTIC
SCIVAR-bf2924fcd976d454,SCIEQ14-3a5aff81a78739a8,m^2,UNKNOWN,VARIABLE_TOKEN,UNRESOLVED,LIT-TONG-ST,"p.11, eq.(1.5),(1.7)",LATEX_SOURCE,TOKENIZER_HEURISTIC
SCIVAR-27e5acd468cca9e5,SCIEQ14-3a5aff81a78739a8,\eta^{\mu\nu},UNKNOWN,VARIABLE_TOKEN,INDEX_OR_SCALAR_UNRESOLVED,LIT-TONG-ST,"p.11, eq.(1.5),(1.7)",LATEX_SOURCE,TOKENIZER_HEURISTIC
SCIVAR-8633a2456bee7c82,SCIEQ14-3a5aff81a78739a8,\Psi,UNKNOWN,VARIABLE_TOKEN,INDEX_OR_SCALAR_UNRESOLVED,LIT-TONG-ST,"p.11, eq.(1.5),(1.7)",LATEX_SOURCE,TOKENIZER_HEURISTIC
SCIVAR-d8c20c6dca151373,SCIEQ14-3a5aff81a78739a8,X,UNKNOWN,VARIABLE_TOKEN,UNRESOLVED,LIT-TONG-ST,"p.11, eq.(1.5),(1.7)",LATEX_SOURCE,TOKENIZER_HEURISTIC
SCIVAR-073ae959b15a7d5c,SCIEQ14-f8f548896bcab730,S,UNKNOWN,VARIABLE_TOKEN,UNRESOLVED,LIT-TONG-ST,"p.13, eq.(1.8),(1.9),(1.10)",LATEX_SOURCE,TOKENIZER_HEURISTIC
SCIVAR-f80709b55d9e9ff0,SCIEQ14-f8f548896bcab730,d,UNKNOWN,VARIABLE_TOKEN,UNRESOLVED,LIT-TONG-ST,"p.13, eq.(1.8),(1.9),(1.10)",LATEX_SOURCE,TOKENIZER_HEURISTIC
SCIVAR-af22d0615ad12058,SCIEQ14-f8f548896bcab730,\tau,UNKNOWN,VARIABLE_TOKEN,INDEX_OR_SCALAR_UNRESOLVED,LIT-TONG-ST,"p.13, eq.(1.8),(1.9),(1.10)",LATEX_SOURCE,TOKENIZER_HEURISTIC
SCIVAR-96cdcd923e56f904,SCIEQ14-f8f548896bcab730,e^{-1},UNKNOWN,VARIABLE_TOKEN,UNRESOLVED,LIT-TONG-ST,"p.13, eq.(1.8),(1.9),(1.10)",LATEX_SOURCE,TOKENIZER_HEURISTIC
SCIVAR-9efaaa9946f41aca,SCIEQ14-f8f548896bcab730,\dot X^2,UNKNOWN,VARIABLE_TOKEN,UNRESOLVED,LIT-TONG-ST,"p.13, eq.(1.8),(1.9),(1.10)",LATEX_SOURCE,TOKENIZER_HEURISTIC
SCIVAR-7f49c64e636c19f8,SCIEQ14-f8f548896bcab730,e,UNKNOWN,VARIABLE_TOKEN,UNRESOLVED,LIT-TONG-ST,"p.13, eq.(1.8),(1.9),(1.10)",LATEX_SOURCE,TOKENIZER_HEURISTIC
SCIVAR-772e68d1d8a2f110,SCIEQ14-f8f548896bcab730,m^2,UNKNOWN,VARIABLE_TOKEN,UNRESOLVED,LIT-TONG-ST,"p.13, eq.(1.8),(1.9),(1.10)",LATEX_SOURCE,TOKENIZER_HEURISTIC
SCIVAR-2c8a76c86f93cdb5,SCIEQ14-6bb9053ae9ad5986,\gamma_{\alpha\beta},UNKNOWN,VARIABLE_TOKEN,INDEX_OR_SCALAR_UNRESOLVED,LIT-TONG-ST,"p.14, eq.(1.11)-(1.14)",LATEX_SOURCE,TOKENIZER_HEURISTIC
SCIVAR-196fe894c67aa074,SCIEQ14-6bb9053ae9ad5986,X^\mu,UNKNOWN,VARIABLE_TOKEN,UNRESOLVED,LIT-TONG-ST,"p.14, eq.(1.11)-(1.14)",LATEX_SOURCE,TOKENIZER_HEURISTIC
SCIVAR-6e235e5304a2dfb4,SCIEQ14-6bb9053ae9ad5986,X^\nu,UNKNOWN,VARIABLE_TOKEN,UNRESOLVED,LIT-TONG-ST,"p.14, eq.(1.11)-(1.14)",LATEX_SOURCE,TOKENIZER_HEURISTIC
SCIVAR-95dff23cda7fc09e,SCIEQ14-6bb9053ae9ad5986,\eta_{\mu\nu},UNKNOWN,VARIABLE_TOKEN,INDEX_OR_SCALAR_UNRESOLVED,LIT-TONG-ST,"p.14, eq.(1.11)-(1.14)",LATEX_SOURCE,TOKENIZER_HEURISTIC
SCIVAR-056c3624a77a8279,SCIEQ14-6bb9053ae9ad5986,S,UNKNOWN,VARIABLE_TOKEN,UNRESOLVED,LIT-TONG-ST,"p.14, eq.(1.11)-(1.14)",LATEX_SOURCE,TOKENIZER_HEURISTIC
SCIVAR-fc311924446cddb9,SCIEQ14-6bb9053ae9ad5986,T,UNKNOWN,VARIABLE_TOKEN,UNRESOLVED,LIT-TONG-ST,"p.14, eq.(1.11)-(1.14)",LATEX_SOURCE,TOKENIZER_HEURISTIC
SCIVAR-7d2913dff84ee914,SCIEQ14-6bb9053ae9ad5986,d^2,UNKNOWN,VARIABLE_TOKEN,UNRESOLVED,LIT-TONG-ST,"p.14, eq.(1.11)-(1.14)",LATEX_SOURCE,TOKENIZER_HEURISTIC
SCIVAR-b4fc2260def57c45,SCIEQ14-6bb9053ae9ad5986,\sigma,UNKNOWN,VARIABLE_TOKEN,INDEX_OR_SCALAR_UNRESOLVED,LIT-TONG-ST,"p.14, eq.(1.11)-(1.14)",LATEX_SOURCE,TOKENIZER_HEURISTIC
SCIVAR-c7f9d504b30978e8,SCIEQ14-6bb9053ae9ad5986,\gamma,UNKNOWN,VARIABLE_TOKEN,INDEX_OR_SCALAR_UNRESOLVED,LIT-TONG-ST,"p.14, eq.(1.11)-(1.14)",LATEX_SOURCE,TOKENIZER_HEURISTIC
SCIVAR-84628406a3c7cbc3,SCIEQ14-5d88e54aec12d492,T,UNKNOWN,VARIABLE_TOKEN,UNRESOLVED,LIT-TONG-ST,"p.16, eq.(1.17),(1.18)",LATEX_SOURCE,TOKENIZER_HEURISTIC
SCIVAR-75de3e49cc62a2bd,SCIEQ14-5d88e54aec12d492,\pi,UNKNOWN,VARIABLE_TOKEN,INDEX_OR_SCALAR_UNRESOLVED,LIT-TONG-ST,"p.16, eq.(1.17),(1.18)",LATEX_SOURCE,TOKENIZER_HEURISTIC
SCIVAR-61cb5e1e28263400,SCIEQ14-5d88e54aec12d492,\alpha,UNKNOWN,VARIABLE_TOKEN,INDEX_OR_SCALAR_UNRESOLVED,LIT-TONG-ST,"p.16, eq.(1.17),(1.18)",LATEX_SOURCE,TOKENIZER_HEURISTIC
SCIVAR-fe55dc43b503f541,SCIEQ14-5d88e54aec12d492,l_s^2,UNKNOWN,VARIABLE_TOKEN,UNRESOLVED,LIT-TONG-ST,"p.16, eq.(1.17),(1.18)",LATEX_SOURCE,TOKENIZER_HEURISTIC
SCIVAR-a4ea7e18611ada68,SCIEQ14-84c3dfa9404331a5,\gamma,UNKNOWN,VARIABLE_TOKEN,INDEX_OR_SCALAR_UNRESOLVED,LIT-TONG-ST,"p.17-18, eq.(1.21)",LATEX_SOURCE,TOKENIZER_HEURISTIC
SCIVAR-4fce8956d3660539,SCIEQ14-84c3dfa9404331a5,\gamma^{\alpha\beta},UNKNOWN,VARIABLE_TOKEN,INDEX_OR_SCALAR_UNRESOLVED,LIT-TONG-ST,"p.17-18, eq.(1.21)",LATEX_SOURCE,TOKENIZER_HEURISTIC
SCIVAR-95cecbafb797d11e,SCIEQ14-84c3dfa9404331a5,X^\mu,UNKNOWN,VARIABLE_TOKEN,UNRESOLVED,LIT-TONG-ST,"p.17-18, eq.(1.21)",LATEX_SOURCE,TOKENIZER_HEURISTIC
SCIVAR-a04d1fb774f3c55e,SCIEQ14-eaf7d62e54f4df58,S,UNKNOWN,VARIABLE_TOKEN,UNRESOLVED,LIT-TONG-ST,"p.18, eq.(1.22)",LATEX_SOURCE,TOKENIZER_HEURISTIC
SCIVAR-804bdbcb6d1bfef8,SCIEQ14-eaf7d62e54f4df58,\pi,UNKNOWN,VARIABLE_TOKEN,INDEX_OR_SCALAR_UNRESOLVED,LIT-TONG-ST,"p.18, eq.(1.22)",LATEX_SOURCE,TOKENIZER_HEURISTIC
SCIVAR-5b522b76cd58111c,SCIEQ14-eaf7d62e54f4df58,\alpha,UNKNOWN,VARIABLE_TOKEN,INDEX_OR_SCALAR_UNRESOLVED,LIT-TONG-ST,"p.18, eq.(1.22)",LATEX_SOURCE,TOKENIZER_HEURISTIC
SCIVAR-5c1685aee2e7f7a6,SCIEQ14-eaf7d62e54f4df58,d^2,UNKNOWN,VARIABLE_TOKEN,UNRESOLVED,LIT-TONG-ST,"p.18, eq.(1.22)",LATEX_SOURCE,TOKENIZER_HEURISTIC
SCIVAR-e40b3ec6107ad223,SCIEQ14-eaf7d62e54f4df58,\sigma,UNKNOWN,VARIABLE_TOKEN,INDEX_OR_SCALAR_UNRESOLVED,LIT-TONG-ST,"p.18, eq.(1.22)",LATEX_SOURCE,TOKENIZER_HEURISTIC
SCIVAR-c4214db8a3ed80b7,SCIEQ14-eaf7d62e54f4df58,g,UNKNOWN,VARIABLE_TOKEN,UNRESOLVED,LIT-TONG-ST,"p.18, eq.(1.22)",LATEX_SOURCE,TOKENIZER_HEURISTIC
SCIVAR-99100c748ff17717,SCIEQ14-eaf7d62e54f4df58,g^{\alpha\beta},UNKNOWN,VARIABLE_TOKEN,UNRESOLVED,LIT-TONG-ST,"p.18, eq.(1.22)",LATEX_SOURCE,TOKENIZER_HEURISTIC
SCIVAR-bc7d92c0e3fcbadf,SCIEQ14-eaf7d62e54f4df58,X^\mu,UNKNOWN,VARIABLE_TOKEN,UNRESOLVED,LIT-TONG-ST,"p.18, eq.(1.22)",LATEX_SOURCE,TOKENIZER_HEURISTIC
SCIVAR-bb46470cd1e907eb,SCIEQ14-eaf7d62e54f4df58,X^\nu,UNKNOWN,VARIABLE_TOKEN,UNRESOLVED,LIT-TONG-ST,"p.18, eq.(1.22)",LATEX_SOURCE,TOKENIZER_HEURISTIC
SCIVAR-a1660aa04997c7e0,SCIEQ14-eaf7d62e54f4df58,\eta_{\mu\nu},UNKNOWN,VARIABLE_TOKEN,INDEX_OR_SCALAR_UNRESOLVED,LIT-TONG-ST,"p.18, eq.(1.22)",LATEX_SOURCE,TOKENIZER_HEURISTIC
SCIVAR-b8d171e1ec720e40,SCIEQ14-22d79128040268f5,g_{\alpha\beta},UNKNOWN,VARIABLE_TOKEN,UNRESOLVED,LIT-TONG-ST,"p.19, eq.(1.24),(1.25)",LATEX_SOURCE,TOKENIZER_HEURISTIC
SCIVAR-65c0035e22e82765,SCIEQ14-22d79128040268f5,f,UNKNOWN,VARIABLE_TOKEN,UNRESOLVED,LIT-TONG-ST,"p.19, eq.(1.24),(1.25)",LATEX_SOURCE,TOKENIZER_HEURISTIC
SCIVAR-3400473f9975b6c6,SCIEQ14-22d79128040268f5,\sigma,UNKNOWN,VARIABLE_TOKEN,INDEX_OR_SCALAR_UNRESOLVED,LIT-TONG-ST,"p.19, eq.(1.24),(1.25)",LATEX_SOURCE,TOKENIZER_HEURISTIC
SCIVAR-1f45ef5008b0a5ec,SCIEQ14-22d79128040268f5,X,UNKNOWN,VARIABLE_TOKEN,UNRESOLVED,LIT-TONG-ST,"p.19, eq.(1.24),(1.25)",LATEX_SOURCE,TOKENIZER_HEURISTIC
SCIVAR-d6b6518956187ed0,SCIEQ14-5835632f29fed650,X^\mu,UNKNOWN,VARIABLE_TOKEN,UNRESOLVED,LIT-TONG-ST,"p.20-21, eq.(1.6),(1.26)-(1.29)",LATEX_SOURCE,TOKENIZER_HEURISTIC
SCIVAR-4bd35e36b46fdf9a,SCIEQ14-5835632f29fed650,\Lambda^\mu_{\ \nu},UNKNOWN,VARIABLE_TOKEN,INDEX_OR_SCALAR_UNRESOLVED,LIT-TONG-ST,"p.20-21, eq.(1.6),(1.26)-(1.29)",LATEX_SOURCE,TOKENIZER_HEURISTIC
SCIVAR-7ca576ab9406b188,SCIEQ14-5835632f29fed650,X^\nu,UNKNOWN,VARIABLE_TOKEN,UNRESOLVED,LIT-TONG-ST,"p.20-21, eq.(1.6),(1.26)-(1.29)",LATEX_SOURCE,TOKENIZER_HEURISTIC
SCIVAR-f079dbcf3ed0df8e,SCIEQ14-5835632f29fed650,c^\mu,UNKNOWN,VARIABLE_TOKEN,UNRESOLVED,LIT-TONG-ST,"p.20-21, eq.(1.6),(1.26)-(1.29)",LATEX_SOURCE,TOKENIZER_HEURISTIC
SCIVAR-1be875e510b6070c,SCIEQ14-5835632f29fed650,P,UNKNOWN,VARIABLE_TOKEN,UNRESOLVED,LIT-TONG-ST,"p.20-21, eq.(1.6),(1.26)-(1.29)",LATEX_SOURCE,TOKENIZER_HEURISTIC
SCIVAR-4245ed6b240ea68d,SCIEQ14-5835632f29fed650,o,UNKNOWN,VARIABLE_TOKEN,UNRESOLVED,LIT-TONG-ST,"p.20-21, eq.(1.6),(1.26)-(1.29)",LATEX_SOURCE,TOKENIZER_HEURISTIC
SCIVAR-54bf5affab80bdc5,SCIEQ14-5835632f29fed650,i,UNKNOWN,VARIABLE_TOKEN,UNRESOLVED,LIT-TONG-ST,"p.20-21, eq.(1.6),(1.26)-(1.29)",LATEX_SOURCE,TOKENIZER_HEURISTIC
SCIVAR-a49be085f5f5212d,SCIEQ14-5835632f29fed650,n,UNKNOWN,VARIABLE_TOKEN,UNRESOLVED,LIT-TONG-ST,"p.20-21, eq.(1.6),(1.26)-(1.29)",LATEX_SOURCE,TOKENIZER_HEURISTIC
SCIVAR-d96d408b01d53c80,SCIEQ14-5835632f29fed650,c,UNKNOWN,VARIABLE_TOKEN,UNRESOLVED,LIT-TONG-ST,"p.20-21, eq.(1.6),(1.26)-(1.29)",LATEX_SOURCE,TOKENIZER_HEURISTIC
SCIVAR-4f34d7c03d185a74,SCIEQ14-5835632f29fed650,a,UNKNOWN,VARIABLE_TOKEN,UNRESOLVED,LIT-TONG-ST,"p.20-21, eq.(1.6),(1.26)-(1.29)",LATEX_SOURCE,TOKENIZER_HEURISTIC
SCIVAR-16e096858c91c07e,SCIEQ14-5835632f29fed650,r,UNKNOWN,VARIABLE_TOKEN,UNRESOLVED,LIT-TONG-ST,"p.20-21, eq.(1.6),(1.26)-(1.29)",LATEX_SOURCE,TOKENIZER_HEURISTIC
SCIVAR-25fb27d8faed434e,SCIEQ14-5835632f29fed650,e,UNKNOWN,VARIABLE_TOKEN,UNRESOLVED,LIT-TONG-ST,"p.20-21, eq.(1.6),(1.26)-(1.29)",LATEX_SOURCE,TOKENIZER_HEURISTIC
SCIVAR-e2959f6f2d22289a,SCIEQ14-5835632f29fed650,g,UNKNOWN,VARIABLE_TOKEN,UNRESOLVED,LIT-TONG-ST,"p.20-21, eq.(1.6),(1.26)-(1.29)",LATEX_SOURCE,TOKENIZER_HEURISTIC
SCIVAR-e0c019ca3a749592,SCIEQ14-5835632f29fed650,l,UNKNOWN,VARIABLE_TOKEN,UNRESOLVED,LIT-TONG-ST,"p.20-21, eq.(1.6),(1.26)-(1.29)",LATEX_SOURCE,TOKENIZER_HEURISTIC
SCIVAR-a6c6efb32966a8ba,SCIEQ14-5835632f29fed650,b,UNKNOWN,VARIABLE_TOKEN,UNRESOLVED,LIT-TONG-ST,"p.20-21, eq.(1.6),(1.26)-(1.29)",LATEX_SOURCE,TOKENIZER_HEURISTIC
SCIVAR-c526720dca29549a,SCIEQ14-5835632f29fed650,\sigma^\alpha,UNKNOWN,VARIABLE_TOKEN,INDEX_OR_SCALAR_UNRESOLVED,LIT-TONG-ST,"p.20-21, eq.(1.6),(1.26)-(1.29)",LATEX_SOURCE,TOKENIZER_HEURISTIC
SCIVAR-25b549871bee30a8,SCIEQ14-5835632f29fed650,\tilde\sigma^\alpha,UNKNOWN,VARIABLE_TOKEN,UNRESOLVED,LIT-TONG-ST,"p.20-21, eq.(1.6),(1.26)-(1.29)",LATEX_SOURCE,TOKENIZER_HEURISTIC
SCIVAR-6178acc9bcef177b,SCIEQ14-5835632f29fed650,\sigma,UNKNOWN,VARIABLE_TOKEN,INDEX_OR_SCALAR_UNRESOLVED,LIT-TONG-ST,"p.20-21, eq.(1.6),(1.26)-(1.29)",LATEX_SOURCE,TOKENIZER_HEURISTIC
SCIVAR-167dad7110a2ac01,SCIEQ14-5835632f29fed650,p,UNKNOWN,VARIABLE_TOKEN,UNRESOLVED,LIT-TONG-ST,"p.20-21, eq.(1.6),(1.26)-(1.29)",LATEX_SOURCE,TOKENIZER_HEURISTIC
SCIVAR-905e69d6a0545c43,SCIEQ14-5835632f29fed650,m,UNKNOWN,VARIABLE_TOKEN,UNRESOLVED,LIT-TONG-ST,"p.20-21, eq.(1.6),(1.26)-(1.29)",LATEX_SOURCE,TOKENIZER_HEURISTIC
SCIVAR-de110166b16f37a1,SCIEQ14-5835632f29fed650,u,UNKNOWN,VARIABLE_TOKEN,UNRESOLVED,LIT-TONG-ST,"p.20-21, eq.(1.6),(1.26)-(1.29)",LATEX_SOURCE,TOKENIZER_HEURISTIC
SCIVAR-fbb4602957fe9ad2,SCIEQ14-5835632f29fed650,g_{\alpha\beta},UNKNOWN,VARIABLE_TOKEN,UNRESOLVED,LIT-TONG-ST,"p.20-21, eq.(1.6),(1.26)-(1.29)",LATEX_SOURCE,TOKENIZER_HEURISTIC
SCIVAR-d10d85df4f2a1a76,SCIEQ14-5835632f29fed650,\Omega^2,UNKNOWN,VARIABLE_TOKEN,INDEX_OR_SCALAR_UNRESOLVED,LIT-TONG-ST,"p.20-21, eq.(1.6),(1.26)-(1.29)",LATEX_SOURCE,TOKENIZER_HEURISTIC
SCIVAR-fed77a8ff0a5fd4e,SCIEQ14-5835632f29fed650,W,UNKNOWN,VARIABLE_TOKEN,UNRESOLVED,LIT-TONG-ST,"p.20-21, eq.(1.6),(1.26)-(1.29)",LATEX_SOURCE,TOKENIZER_HEURISTIC
SCIVAR-0250e524ab8bde00,SCIEQ14-5835632f29fed650,y,UNKNOWN,VARIABLE_TOKEN,UNRESOLVED,LIT-TONG-ST,"p.20-21, eq.(1.6),(1.26)-(1.29)",LATEX_SOURCE,TOKENIZER_HEURISTIC
SCIVAR-41ae0eac13a3383d,SCIEQ14-6901253f3183f90f,g_{\alpha\beta},UNKNOWN,VARIABLE_TOKEN,UNRESOLVED,LIT-TONG-ST,"p.22, eq.(1.27),(1.28),(1.29)",LATEX_SOURCE,TOKENIZER_HEURISTIC
SCIVAR-0ced872bf635f920,SCIEQ14-6901253f3183f90f,e^{2\phi},UNKNOWN,VARIABLE_TOKEN,UNRESOLVED,LIT-TONG-ST,"p.22, eq.(1.27),(1.28),(1.29)",LATEX_SOURCE,TOKENIZER_HEURISTIC
SCIVAR-11d25d16b568ef4e,SCIEQ14-6901253f3183f90f,\eta_{\alpha\beta},UNKNOWN,VARIABLE_TOKEN,INDEX_OR_SCALAR_UNRESOLVED,LIT-TONG-ST,"p.22, eq.(1.27),(1.28),(1.29)",LATEX_SOURCE,TOKENIZER_HEURISTIC
SCIVAR-3b90b8e77e60f99b,SCIEQ14-6901253f3183f90f,c,UNKNOWN,VARIABLE_TOKEN,UNRESOLVED,LIT-TONG-ST,"p.22, eq.(1.27),(1.28),(1.29)",LATEX_SOURCE,TOKENIZER_HEURISTIC
SCIVAR-bf53246bb088ece4,SCIEQ14-6901253f3183f90f,o,UNKNOWN,VARIABLE_TOKEN,UNRESOLVED,LIT-TONG-ST,"p.22, eq.(1.27),(1.28),(1.29)",LATEX_SOURCE,TOKENIZER_HEURISTIC
SCIVAR-0cb9511cd241faac,SCIEQ14-6901253f3183f90f,n,UNKNOWN,VARIABLE_TOKEN,UNRESOLVED,LIT-TONG-ST,"p.22, eq.(1.27),(1.28),(1.29)",LATEX_SOURCE,TOKENIZER_HEURISTIC
SCIVAR-e6d527654c4a7d16,SCIEQ14-6901253f3183f90f,f,UNKNOWN,VARIABLE_TOKEN,UNRESOLVED,LIT-TONG-ST,"p.22, eq.(1.27),(1.28),(1.29)",LATEX_SOURCE,TOKENIZER_HEURISTIC
SCIVAR-ea8696fe60310d32,SCIEQ14-6901253f3183f90f,r,UNKNOWN,VARIABLE_TOKEN,UNRESOLVED,LIT-TONG-ST,"p.22, eq.(1.27),(1.28),(1.29)",LATEX_SOURCE,TOKENIZER_HEURISTIC
SCIVAR-88a915a4edde57eb,SCIEQ14-6901253f3183f90f,m,UNKNOWN,VARIABLE_TOKEN,UNRESOLVED,LIT-TONG-ST,"p.22, eq.(1.27),(1.28),(1.29)",LATEX_SOURCE,TOKENIZER_HEURISTIC
SCIVAR-fcb5d460e4e8319b,SCIEQ14-6901253f3183f90f,a,UNKNOWN,VARIABLE_TOKEN,UNRESOLVED,LIT-TONG-ST,"p.22, eq.(1.27),(1.28),(1.29)",LATEX_SOURCE,TOKENIZER_HEURISTIC
SCIVAR-cf6295224655f8e7,SCIEQ14-6901253f3183f90f,l,UNKNOWN,VARIABLE_TOKEN,UNRESOLVED,LIT-TONG-ST,"p.22, eq.(1.27),(1.28),(1.29)",LATEX_SOURCE,TOKENIZER_HEURISTIC
SCIVAR-c641a4ad4d84d3ec,SCIEQ14-6901253f3183f90f,g,UNKNOWN,VARIABLE_TOKEN,UNRESOLVED,LIT-TONG-ST,"p.22, eq.(1.27),(1.28),(1.29)",LATEX_SOURCE,TOKENIZER_HEURISTIC
SCIVAR-17c5ddf3fa8aef9e,SCIEQ14-6901253f3183f90f,u,UNKNOWN,VARIABLE_TOKEN,UNRESOLVED,LIT-TONG-ST,"p.22, eq.(1.27),(1.28),(1.29)",LATEX_SOURCE,TOKENIZER_HEURISTIC
SCIVAR-f3a061b214fce0b6,SCIEQ14-6901253f3183f90f,e,UNKNOWN,VARIABLE_TOKEN,UNRESOLVED,LIT-TONG-ST,"p.22, eq.(1.27),(1.28),(1.29)",LATEX_SOURCE,TOKENIZER_HEURISTIC
SCIVAR-e411a94d66ec8052,SCIEQ14-6901253f3183f90f,R,UNKNOWN,VARIABLE_TOKEN,UNRESOLVED,LIT-TONG-ST,"p.22, eq.(1.27),(1.28),(1.29)",LATEX_SOURCE,TOKENIZER_HEURISTIC
SCIVAR-d86c113ec4d9900c,SCIEQ14-6901253f3183f90f,\phi,UNKNOWN,VARIABLE_TOKEN,INDEX_OR_SCALAR_UNRESOLVED,LIT-TONG-ST,"p.22, eq.(1.27),(1.28),(1.29)",LATEX_SOURCE,TOKENIZER_HEURISTIC
SCIVAR-d97c2084fcbfc636,SCIEQ14-41e708831132cdae,T_{\alpha\beta},UNKNOWN,VARIABLE_TOKEN,UNRESOLVED,LIT-TONG-ST,"p.23-25, eq.(1.4.1)",LATEX_SOURCE,TOKENIZER_HEURISTIC
SCIVAR-1bf9e30d05106fb3,SCIEQ14-41e708831132cdae,V,UNKNOWN,VARIABLE_TOKEN,UNRESOLVED,LIT-TONG-ST,"p.23-25, eq.(1.4.1)",LATEX_SOURCE,TOKENIZER_HEURISTIC
SCIVAR-8a6a5ee8319737e3,SCIEQ14-41e708831132cdae,i,UNKNOWN,VARIABLE_TOKEN,UNRESOLVED,LIT-TONG-ST,"p.23-25, eq.(1.4.1)",LATEX_SOURCE,TOKENIZER_HEURISTIC
SCIVAR-2c66c171f4de0b4f,SCIEQ14-41e708831132cdae,r,UNKNOWN,VARIABLE_TOKEN,UNRESOLVED,LIT-TONG-ST,"p.23-25, eq.(1.4.1)",LATEX_SOURCE,TOKENIZER_HEURISTIC
SCIVAR-00b9ede378b8ccf5,SCIEQ14-41e708831132cdae,a,UNKNOWN,VARIABLE_TOKEN,UNRESOLVED,LIT-TONG-ST,"p.23-25, eq.(1.4.1)",LATEX_SOURCE,TOKENIZER_HEURISTIC
SCIVAR-1c18f1602d8a92f9,SCIEQ14-41e708831132cdae,s,UNKNOWN,VARIABLE_TOKEN,UNRESOLVED,LIT-TONG-ST,"p.23-25, eq.(1.4.1)",LATEX_SOURCE,TOKENIZER_HEURISTIC
SCIVAR-ac2c7b41e5f126f0,SCIEQ14-41e708831132cdae,o,UNKNOWN,VARIABLE_TOKEN,UNRESOLVED,LIT-TONG-ST,"p.23-25, eq.(1.4.1)",LATEX_SOURCE,TOKENIZER_HEURISTIC
SCIVAR-081b020217fde183,SCIEQ14-41e708831132cdae,c,UNKNOWN,VARIABLE_TOKEN,UNRESOLVED,LIT-TONG-ST,"p.23-25, eq.(1.4.1)",LATEX_SOURCE,TOKENIZER_HEURISTIC
SCIVAR-e7c301a8425974e5,SCIEQ14-41e708831132cdae,n,UNKNOWN,VARIABLE_TOKEN,UNRESOLVED,LIT-TONG-ST,"p.23-25, eq.(1.4.1)",LATEX_SOURCE,TOKENIZER_HEURISTIC
SCIVAR-54b93011c6fa0bdf,SCIEQ14-41e708831132cdae,t,UNKNOWN,VARIABLE_TOKEN,UNRESOLVED,LIT-TONG-ST,"p.23-25, eq.(1.4.1)",LATEX_SOURCE,TOKENIZER_HEURISTIC
SCIVAR-526dffcf57f34a57,SCIEQ14-41e708831132cdae,\dot X,UNKNOWN,VARIABLE_TOKEN,UNRESOLVED,LIT-TONG-ST,"p.23-25, eq.(1.4.1)",LATEX_SOURCE,TOKENIZER_HEURISTIC
SCIVAR-d69d8a0194c8266f,SCIEQ14-41e708831132cdae,X,UNKNOWN,VARIABLE_TOKEN,UNRESOLVED,LIT-TONG-ST,"p.23-25, eq.(1.4.1)",LATEX_SOURCE,TOKENIZER_HEURISTIC
SCIVAR-15bf3becc1bb4d43,SCIEQ14-148e3139cce600e4,X^\mu,UNKNOWN,VARIABLE_TOKEN,UNRESOLVED,LIT-TONG-ST,"p.25-27, eq.mode-expansion formulas (unnumbered, ~p.25-27)",LATEX_SOURCE,TOKENIZER_HEURISTIC
SCIVAR-4edef6ecc9caee35,SCIEQ14-148e3139cce600e4,\tau,UNKNOWN,VARIABLE_TOKEN,INDEX_OR_SCALAR_UNRESOLVED,LIT-TONG-ST,"p.25-27, eq.mode-expansion formulas (unnumbered, ~p.25-27)",LATEX_SOURCE,TOKENIZER_HEURISTIC
SCIVAR-f60403892eeadc01,SCIEQ14-148e3139cce600e4,\sigma,UNKNOWN,VARIABLE_TOKEN,INDEX_OR_SCALAR_UNRESOLVED,LIT-TONG-ST,"p.25-27, eq.mode-expansion formulas (unnumbered, ~p.25-27)",LATEX_SOURCE,TOKENIZER_HEURISTIC
SCIVAR-6604897917f15f97,SCIEQ14-148e3139cce600e4,X_L^\mu,UNKNOWN,VARIABLE_TOKEN,UNRESOLVED,LIT-TONG-ST,"p.25-27, eq.mode-expansion formulas (unnumbered, ~p.25-27)",LATEX_SOURCE,TOKENIZER_HEURISTIC
SCIVAR-9fc7be56688f59ad,SCIEQ14-148e3139cce600e4,X_R^\mu,UNKNOWN,VARIABLE_TOKEN,UNRESOLVED,LIT-TONG-ST,"p.25-27, eq.mode-expansion formulas (unnumbered, ~p.25-27)",LATEX_SOURCE,TOKENIZER_HEURISTIC
SCIVAR-bbed35810c2dda9a,SCIEQ14-148e3139cce600e4,\alpha_k^\mu,UNKNOWN,VARIABLE_TOKEN,INDEX_OR_SCALAR_UNRESOLVED,LIT-TONG-ST,"p.25-27, eq.mode-expansion formulas (unnumbered, ~p.25-27)",LATEX_SOURCE,TOKENIZER_HEURISTIC
SCIVAR-f2d41a512963e028,SCIEQ14-148e3139cce600e4,\bar\alpha_k^\mu,UNKNOWN,VARIABLE_TOKEN,UNRESOLVED,LIT-TONG-ST,"p.25-27, eq.mode-expansion formulas (unnumbered, ~p.25-27)",LATEX_SOURCE,TOKENIZER_HEURISTIC
SCIVAR-5bab8f3338bf4847,SCIEQ14-148e3139cce600e4,F,UNKNOWN,VARIABLE_TOKEN,UNRESOLVED,LIT-TONG-ST,"p.25-27, eq.mode-expansion formulas (unnumbered, ~p.25-27)",LATEX_SOURCE,TOKENIZER_HEURISTIC
SCIVAR-6097928ba912e650,SCIEQ14-148e3139cce600e4,o,UNKNOWN,VARIABLE_TOKEN,UNRESOLVED,LIT-TONG-ST,"p.25-27, eq.mode-expansion formulas (unnumbered, ~p.25-27)",LATEX_SOURCE,TOKENIZER_HEURISTIC
SCIVAR-45d907601f4d69a4,SCIEQ14-148e3139cce600e4,u,UNKNOWN,VARIABLE_TOKEN,UNRESOLVED,LIT-TONG-ST,"p.25-27, eq.mode-expansion formulas (unnumbered, ~p.25-27)",LATEX_SOURCE,TOKENIZER_HEURISTIC
SCIVAR-db66b27b77743514,SCIEQ14-148e3139cce600e4,r,UNKNOWN,VARIABLE_TOKEN,UNRESOLVED,LIT-TONG-ST,"p.25-27, eq.mode-expansion formulas (unnumbered, ~p.25-27)",LATEX_SOURCE,TOKENIZER_HEURISTIC
SCIVAR-1268b11b9d5faa38,SCIEQ14-148e3139cce600e4,i,UNKNOWN,VARIABLE_TOKEN,UNRESOLVED,LIT-TONG-ST,"p.25-27, eq.mode-expansion formulas (unnumbered, ~p.25-27)",LATEX_SOURCE,TOKENIZER_HEURISTIC
SCIVAR-59beb23f34fb331e,SCIEQ14-148e3139cce600e4,e,UNKNOWN,VARIABLE_TOKEN,UNRESOLVED,LIT-TONG-ST,"p.25-27, eq.mode-expansion formulas (unnumbered, ~p.25-27)",LATEX_SOURCE,TOKENIZER_HEURISTIC
SCIVAR-ec0d33fc3123b016,SCIEQ14-148e3139cce600e4,m,UNKNOWN,VARIABLE_TOKEN,UNRESOLVED,LIT-TONG-ST,"p.25-27, eq.mode-expansion formulas (unnumbered, ~p.25-27)",LATEX_SOURCE,TOKENIZER_HEURISTIC
SCIVAR-5b82014dbd302971,SCIEQ14-148e3139cce600e4,d,UNKNOWN,VARIABLE_TOKEN,UNRESOLVED,LIT-TONG-ST,"p.25-27, eq.mode-expansion formulas (unnumbered, ~p.25-27)",LATEX_SOURCE,TOKENIZER_HEURISTIC
SCIVAR-af1dae08a3e4a034,SCIEQ14-148e3139cce600e4,s,UNKNOWN,VARIABLE_TOKEN,UNRESOLVED,LIT-TONG-ST,"p.25-27, eq.mode-expansion formulas (unnumbered, ~p.25-27)",LATEX_SOURCE,TOKENIZER_HEURISTIC
SCIVAR-686a3528e300a6a2,SCIEQ14-3c2cacdac6177c78,S,UNKNOWN,VARIABLE_TOKEN,UNRESOLVED,LIT-KIRITSIS-SST,"p.10, eq.(3.1.1)-(3.1.4)",LATEX_SOURCE,TOKENIZER_HEURISTIC
SCIVAR-8809e5a909ff5f5f,SCIEQ14-3c2cacdac6177c78,m,UNKNOWN,VARIABLE_TOKEN,UNRESOLVED,LIT-KIRITSIS-SST,"p.10, eq.(3.1.1)-(3.1.4)",LATEX_SOURCE,TOKENIZER_HEURISTIC
SCIVAR-31240816438cc84a,SCIEQ14-3c2cacdac6177c78,d,UNKNOWN,VARIABLE_TOKEN,UNRESOLVED,LIT-KIRITSIS-SST,"p.10, eq.(3.1.1)-(3.1.4)",LATEX_SOURCE,TOKENIZER_HEURISTIC
SCIVAR-b82ea8cb254a1383,SCIEQ14-3c2cacdac6177c78,\tau,UNKNOWN,VARIABLE_TOKEN,INDEX_OR_SCALAR_UNRESOLVED,LIT-KIRITSIS-SST,"p.10, eq.(3.1.1)-(3.1.4)",LATEX_SOURCE,TOKENIZER_HEURISTIC
SCIVAR-04a6000533de5b4d,SCIEQ14-3c2cacdac6177c78,\eta_{\mu\nu},UNKNOWN,VARIABLE_TOKEN,INDEX_OR_SCALAR_UNRESOLVED,LIT-KIRITSIS-SST,"p.10, eq.(3.1.1)-(3.1.4)",LATEX_SOURCE,TOKENIZER_HEURISTIC
SCIVAR-26f6f5d9921da119,SCIEQ14-3c2cacdac6177c78,\dot x^\mu,UNKNOWN,VARIABLE_TOKEN,UNRESOLVED,LIT-KIRITSIS-SST,"p.10, eq.(3.1.1)-(3.1.4)",LATEX_SOURCE,TOKENIZER_HEURISTIC
SCIVAR-44e21db14438e340,SCIEQ14-3c2cacdac6177c78,\dot x^\nu,UNKNOWN,VARIABLE_TOKEN,UNRESOLVED,LIT-KIRITSIS-SST,"p.10, eq.(3.1.1)-(3.1.4)",LATEX_SOURCE,TOKENIZER_HEURISTIC
SCIVAR-b0e1e5b7a7fa2e3b,SCIEQ14-3c2cacdac6177c78,p^2,UNKNOWN,VARIABLE_TOKEN,UNRESOLVED,LIT-KIRITSIS-SST,"p.10, eq.(3.1.1)-(3.1.4)",LATEX_SOURCE,TOKENIZER_HEURISTIC
SCIVAR-139ec8a98d057371,SCIEQ14-3c2cacdac6177c78,m^2,UNKNOWN,VARIABLE_TOKEN,UNRESOLVED,LIT-KIRITSIS-SST,"p.10, eq.(3.1.1)-(3.1.4)",LATEX_SOURCE,TOKENIZER_HEURISTIC
SCIVAR-1911c10a54c16e72,SCIEQ14-9efadca3d2c633b4,S,UNKNOWN,VARIABLE_TOKEN,UNRESOLVED,LIT-KIRITSIS-SST,"p.10-11, eq.(3.1.9),(3.1.13)",LATEX_SOURCE,TOKENIZER_HEURISTIC
SCIVAR-91b8f7407353c17a,SCIEQ14-9efadca3d2c633b4,d,UNKNOWN,VARIABLE_TOKEN,UNRESOLVED,LIT-KIRITSIS-SST,"p.10-11, eq.(3.1.9),(3.1.13)",LATEX_SOURCE,TOKENIZER_HEURISTIC
SCIVAR-b483a2daadf276fe,SCIEQ14-9efadca3d2c633b4,\tau,UNKNOWN,VARIABLE_TOKEN,INDEX_OR_SCALAR_UNRESOLVED,LIT-KIRITSIS-SST,"p.10-11, eq.(3.1.9),(3.1.13)",LATEX_SOURCE,TOKENIZER_HEURISTIC
SCIVAR-42fa3d265c2f18bc,SCIEQ14-9efadca3d2c633b4,e,UNKNOWN,VARIABLE_TOKEN,UNRESOLVED,LIT-KIRITSIS-SST,"p.10-11, eq.(3.1.9),(3.1.13)",LATEX_SOURCE,TOKENIZER_HEURISTIC
SCIVAR-c1042d647cc3c820,SCIEQ14-9efadca3d2c633b4,e^{-2},UNKNOWN,VARIABLE_TOKEN,UNRESOLVED,LIT-KIRITSIS-SST,"p.10-11, eq.(3.1.9),(3.1.13)",LATEX_SOURCE,TOKENIZER_HEURISTIC
SCIVAR-42e5bad10bbe6ea4,SCIEQ14-9efadca3d2c633b4,\dot x^\mu,UNKNOWN,VARIABLE_TOKEN,UNRESOLVED,LIT-KIRITSIS-SST,"p.10-11, eq.(3.1.9),(3.1.13)",LATEX_SOURCE,TOKENIZER_HEURISTIC
SCIVAR-8657daf296f2b9fe,SCIEQ14-9efadca3d2c633b4,m^2,UNKNOWN,VARIABLE_TOKEN,UNRESOLVED,LIT-KIRITSIS-SST,"p.10-11, eq.(3.1.9),(3.1.13)",LATEX_SOURCE,TOKENIZER_HEURISTIC
SCIVAR-750625293ca95bdf,SCIEQ14-9efadca3d2c633b4,m,UNKNOWN,VARIABLE_TOKEN,UNRESOLVED,LIT-KIRITSIS-SST,"p.10-11, eq.(3.1.9),(3.1.13)",LATEX_SOURCE,TOKENIZER_HEURISTIC
SCIVAR-c47f027e5e120765,SCIEQ14-9efadca3d2c633b4,x^2,UNKNOWN,VARIABLE_TOKEN,UNRESOLVED,LIT-KIRITSIS-SST,"p.10-11, eq.(3.1.9),(3.1.13)",LATEX_SOURCE,TOKENIZER_HEURISTIC
SCIVAR-8d796e39693198fc,SCIEQ14-5a88281c0c469354,S_{NG},UNKNOWN,VARIABLE_TOKEN,UNRESOLVED,LIT-KIRITSIS-SST,"p.13-14, eq.(3.2.1),(3.2.4)",LATEX_SOURCE,TOKENIZER_HEURISTIC
SCIVAR-61af4ff2545b2e30,SCIEQ14-5a88281c0c469354,T,UNKNOWN,VARIABLE_TOKEN,UNRESOLVED,LIT-KIRITSIS-SST,"p.13-14, eq.(3.2.1),(3.2.4)",LATEX_SOURCE,TOKENIZER_HEURISTIC
SCIVAR-fed55d534cc0ede2,SCIEQ14-5a88281c0c469354,d,UNKNOWN,VARIABLE_TOKEN,UNRESOLVED,LIT-KIRITSIS-SST,"p.13-14, eq.(3.2.1),(3.2.4)",LATEX_SOURCE,TOKENIZER_HEURISTIC
SCIVAR-339cfe74115f709d,SCIEQ14-5a88281c0c469354,A,UNKNOWN,VARIABLE_TOKEN,UNRESOLVED,LIT-KIRITSIS-SST,"p.13-14, eq.(3.2.1),(3.2.4)",LATEX_SOURCE,TOKENIZER_HEURISTIC
SCIVAR-cdcb5d020963b2ac,SCIEQ14-5a88281c0c469354,G_{ij},UNKNOWN,VARIABLE_TOKEN,UNRESOLVED,LIT-KIRITSIS-SST,"p.13-14, eq.(3.2.1),(3.2.4)",LATEX_SOURCE,TOKENIZER_HEURISTIC
SCIVAR-ef19c9b438e978c2,SCIEQ14-5a88281c0c469354,d^2,UNKNOWN,VARIABLE_TOKEN,UNRESOLVED,LIT-KIRITSIS-SST,"p.13-14, eq.(3.2.1),(3.2.4)",LATEX_SOURCE,TOKENIZER_HEURISTIC
SCIVAR-685c69f4d227d016,SCIEQ14-5a88281c0c469354,\xi,UNKNOWN,VARIABLE_TOKEN,INDEX_OR_SCALAR_UNRESOLVED,LIT-KIRITSIS-SST,"p.13-14, eq.(3.2.1),(3.2.4)",LATEX_SOURCE,TOKENIZER_HEURISTIC
SCIVAR-cae575ccc2d8200e,SCIEQ14-857f56134907343a,N,UNKNOWN,VARIABLE_TOKEN,UNRESOLVED,LIT-KIRITSIS-SST,"p.14, eq.(3.2.7),(3.2.8)",LATEX_SOURCE,TOKENIZER_HEURISTIC
SCIVAR-1530878c24d9b587,SCIEQ14-857f56134907343a,e,UNKNOWN,VARIABLE_TOKEN,UNRESOLVED,LIT-KIRITSIS-SST,"p.14, eq.(3.2.7),(3.2.8)",LATEX_SOURCE,TOKENIZER_HEURISTIC
SCIVAR-d905f57d080b4f9a,SCIEQ14-857f56134907343a,u,UNKNOWN,VARIABLE_TOKEN,UNRESOLVED,LIT-KIRITSIS-SST,"p.14, eq.(3.2.7),(3.2.8)",LATEX_SOURCE,TOKENIZER_HEURISTIC
SCIVAR-a16f68fc84b6b8a9,SCIEQ14-857f56134907343a,m,UNKNOWN,VARIABLE_TOKEN,UNRESOLVED,LIT-KIRITSIS-SST,"p.14, eq.(3.2.7),(3.2.8)",LATEX_SOURCE,TOKENIZER_HEURISTIC
SCIVAR-a315e88b5ea367fa,SCIEQ14-857f56134907343a,a,UNKNOWN,VARIABLE_TOKEN,UNRESOLVED,LIT-KIRITSIS-SST,"p.14, eq.(3.2.7),(3.2.8)",LATEX_SOURCE,TOKENIZER_HEURISTIC
SCIVAR-073115e8e72d6424,SCIEQ14-857f56134907343a,n,UNKNOWN,VARIABLE_TOKEN,UNRESOLVED,LIT-KIRITSIS-SST,"p.14, eq.(3.2.7),(3.2.8)",LATEX_SOURCE,TOKENIZER_HEURISTIC
SCIVAR-70e59d6bf0ff153a,SCIEQ14-857f56134907343a,L,UNKNOWN,VARIABLE_TOKEN,UNRESOLVED,LIT-KIRITSIS-SST,"p.14, eq.(3.2.7),(3.2.8)",LATEX_SOURCE,TOKENIZER_HEURISTIC
SCIVAR-d0bead2126f4e362,SCIEQ14-857f56134907343a,X,UNKNOWN,VARIABLE_TOKEN,UNRESOLVED,LIT-KIRITSIS-SST,"p.14, eq.(3.2.7),(3.2.8)",LATEX_SOURCE,TOKENIZER_HEURISTIC
SCIVAR-42003ea215c0408b,SCIEQ14-857f56134907343a,\mu,UNKNOWN,VARIABLE_TOKEN,INDEX_OR_SCALAR_UNRESOLVED,LIT-KIRITSIS-SST,"p.14, eq.(3.2.7),(3.2.8)",LATEX_SOURCE,TOKENIZER_HEURISTIC
SCIVAR-3dbb4380b94b63df,SCIEQ14-857f56134907343a,\sigma,UNKNOWN,VARIABLE_TOKEN,INDEX_OR_SCALAR_UNRESOLVED,LIT-KIRITSIS-SST,"p.14, eq.(3.2.7),(3.2.8)",LATEX_SOURCE,TOKENIZER_HEURISTIC
SCIVAR-c95d3dc84bad0189,SCIEQ14-857f56134907343a,\bar\sigma,UNKNOWN,VARIABLE_TOKEN,UNRESOLVED,LIT-KIRITSIS-SST,"p.14, eq.(3.2.7),(3.2.8)",LATEX_SOURCE,TOKENIZER_HEURISTIC
SCIVAR-9cd0e7942b635c90,SCIEQ14-857f56134907343a,D,UNKNOWN,VARIABLE_TOKEN,UNRESOLVED,LIT-KIRITSIS-SST,"p.14, eq.(3.2.7),(3.2.8)",LATEX_SOURCE,TOKENIZER_HEURISTIC
SCIVAR-52e72088ef91dfea,SCIEQ14-857f56134907343a,i,UNKNOWN,VARIABLE_TOKEN,UNRESOLVED,LIT-KIRITSIS-SST,"p.14, eq.(3.2.7),(3.2.8)",LATEX_SOURCE,TOKENIZER_HEURISTIC
SCIVAR-04e4deb80bc9b87c,SCIEQ14-857f56134907343a,r,UNKNOWN,VARIABLE_TOKEN,UNRESOLVED,LIT-KIRITSIS-SST,"p.14, eq.(3.2.7),(3.2.8)",LATEX_SOURCE,TOKENIZER_HEURISTIC
SCIVAR-cad746a290941b13,SCIEQ14-857f56134907343a,c,UNKNOWN,VARIABLE_TOKEN,UNRESOLVED,LIT-KIRITSIS-SST,"p.14, eq.(3.2.7),(3.2.8)",LATEX_SOURCE,TOKENIZER_HEURISTIC
SCIVAR-b431e90b97a72e2f,SCIEQ14-857f56134907343a,h,UNKNOWN,VARIABLE_TOKEN,UNRESOLVED,LIT-KIRITSIS-SST,"p.14, eq.(3.2.7),(3.2.8)",LATEX_SOURCE,TOKENIZER_HEURISTIC
SCIVAR-2606fa6904c326e4,SCIEQ14-857f56134907343a,l,UNKNOWN,VARIABLE_TOKEN,UNRESOLVED,LIT-KIRITSIS-SST,"p.14, eq.(3.2.7),(3.2.8)",LATEX_SOURCE,TOKENIZER_HEURISTIC
SCIVAR-3a88f38aacba45e9,SCIEQ14-857f56134907343a,t,UNKNOWN,VARIABLE_TOKEN,UNRESOLVED,LIT-KIRITSIS-SST,"p.14, eq.(3.2.7),(3.2.8)",LATEX_SOURCE,TOKENIZER_HEURISTIC
SCIVAR-8bdbc3d4498f22c5,SCIEQ14-857f56134907343a,\dot X^\mu,UNKNOWN,VARIABLE_TOKEN,UNRESOLVED,LIT-KIRITSIS-SST,"p.14, eq.(3.2.7),(3.2.8)",LATEX_SOURCE,TOKENIZER_HEURISTIC
SCIVAR-86cc7e9383e088c5,SCIEQ14-248efdab62cf1c01,S_P,UNKNOWN,VARIABLE_TOKEN,UNRESOLVED,LIT-KIRITSIS-SST,"p.15, eq.(3.2.12),(3.2.13),(3.2.14)",LATEX_SOURCE,TOKENIZER_HEURISTIC
SCIVAR-709b1866c7f5ce00,SCIEQ14-248efdab62cf1c01,T,UNKNOWN,VARIABLE_TOKEN,UNRESOLVED,LIT-KIRITSIS-SST,"p.15, eq.(3.2.12),(3.2.13),(3.2.14)",LATEX_SOURCE,TOKENIZER_HEURISTIC
SCIVAR-9095440f78454687,SCIEQ14-248efdab62cf1c01,d^2,UNKNOWN,VARIABLE_TOKEN,UNRESOLVED,LIT-KIRITSIS-SST,"p.15, eq.(3.2.12),(3.2.13),(3.2.14)",LATEX_SOURCE,TOKENIZER_HEURISTIC
SCIVAR-67630ea81f16faca,SCIEQ14-248efdab62cf1c01,\xi,UNKNOWN,VARIABLE_TOKEN,INDEX_OR_SCALAR_UNRESOLVED,LIT-KIRITSIS-SST,"p.15, eq.(3.2.12),(3.2.13),(3.2.14)",LATEX_SOURCE,TOKENIZER_HEURISTIC
SCIVAR-92488efc129e88ff,SCIEQ14-248efdab62cf1c01,g,UNKNOWN,VARIABLE_TOKEN,UNRESOLVED,LIT-KIRITSIS-SST,"p.15, eq.(3.2.12),(3.2.13),(3.2.14)",LATEX_SOURCE,TOKENIZER_HEURISTIC
SCIVAR-f869ce4cd3ca7b0f,SCIEQ14-248efdab62cf1c01,g^{\alpha\beta},UNKNOWN,VARIABLE_TOKEN,UNRESOLVED,LIT-KIRITSIS-SST,"p.15, eq.(3.2.12),(3.2.13),(3.2.14)",LATEX_SOURCE,TOKENIZER_HEURISTIC
SCIVAR-1529c5f4052bd175,SCIEQ14-248efdab62cf1c01,X^\mu,UNKNOWN,VARIABLE_TOKEN,UNRESOLVED,LIT-KIRITSIS-SST,"p.15, eq.(3.2.12),(3.2.13),(3.2.14)",LATEX_SOURCE,TOKENIZER_HEURISTIC
SCIVAR-7276a394e34acb7c,SCIEQ14-248efdab62cf1c01,X^\nu,UNKNOWN,VARIABLE_TOKEN,UNRESOLVED,LIT-KIRITSIS-SST,"p.15, eq.(3.2.12),(3.2.13),(3.2.14)",LATEX_SOURCE,TOKENIZER_HEURISTIC
SCIVAR-4180ad50b3e1a5c0,SCIEQ14-248efdab62cf1c01,\eta_{\mu\nu},UNKNOWN,VARIABLE_TOKEN,INDEX_OR_SCALAR_UNRESOLVED,LIT-KIRITSIS-SST,"p.15, eq.(3.2.12),(3.2.13),(3.2.14)",LATEX_SOURCE,TOKENIZER_HEURISTIC
SCIVAR-590715e9cae47280,SCIEQ14-248efdab62cf1c01,T_{\alpha\beta},UNKNOWN,VARIABLE_TOKEN,UNRESOLVED,LIT-KIRITSIS-SST,"p.15, eq.(3.2.12),(3.2.13),(3.2.14)",LATEX_SOURCE,TOKENIZER_HEURISTIC
SCIVAR-88cc839a9d97060d,SCIEQ14-1fa8ee58dd1305de,\lambda_1,UNKNOWN,VARIABLE_TOKEN,INDEX_OR_SCALAR_UNRESOLVED,LIT-KIRITSIS-SST,"p.16, eq.(3.2.16),(3.2.17)",LATEX_SOURCE,TOKENIZER_HEURISTIC
SCIVAR-5c633d9e42305fea,SCIEQ14-1fa8ee58dd1305de,g,UNKNOWN,VARIABLE_TOKEN,UNRESOLVED,LIT-KIRITSIS-SST,"p.16, eq.(3.2.16),(3.2.17)",LATEX_SOURCE,TOKENIZER_HEURISTIC
SCIVAR-19aed5b7c0b6d086,SCIEQ14-1fa8ee58dd1305de,c,UNKNOWN,VARIABLE_TOKEN,UNRESOLVED,LIT-KIRITSIS-SST,"p.16, eq.(3.2.16),(3.2.17)",LATEX_SOURCE,TOKENIZER_HEURISTIC
SCIVAR-5ce285fe0fd5f35f,SCIEQ14-1fa8ee58dd1305de,o,UNKNOWN,VARIABLE_TOKEN,UNRESOLVED,LIT-KIRITSIS-SST,"p.16, eq.(3.2.16),(3.2.17)",LATEX_SOURCE,TOKENIZER_HEURISTIC
SCIVAR-e4f35160071ffc0f,SCIEQ14-1fa8ee58dd1305de,s,UNKNOWN,VARIABLE_TOKEN,UNRESOLVED,LIT-KIRITSIS-SST,"p.16, eq.(3.2.16),(3.2.17)",LATEX_SOURCE,TOKENIZER_HEURISTIC
SCIVAR-c57e4cd437328e21,SCIEQ14-1fa8ee58dd1305de,m,UNKNOWN,VARIABLE_TOKEN,UNRESOLVED,LIT-KIRITSIS-SST,"p.16, eq.(3.2.16),(3.2.17)",LATEX_SOURCE,TOKENIZER_HEURISTIC
SCIVAR-2a12f04a26b879a0,SCIEQ14-1fa8ee58dd1305de,l,UNKNOWN,VARIABLE_TOKEN,UNRESOLVED,LIT-KIRITSIS-SST,"p.16, eq.(3.2.16),(3.2.17)",LATEX_SOURCE,TOKENIZER_HEURISTIC
SCIVAR-0f307bcd45f6233f,SCIEQ14-1fa8ee58dd1305de,i,UNKNOWN,VARIABLE_TOKEN,UNRESOLVED,LIT-KIRITSIS-SST,"p.16, eq.(3.2.16),(3.2.17)",LATEX_SOURCE,TOKENIZER_HEURISTIC
SCIVAR-02979228a0ad9ac8,SCIEQ14-1fa8ee58dd1305de,a,UNKNOWN,VARIABLE_TOKEN,UNRESOLVED,LIT-KIRITSIS-SST,"p.16, eq.(3.2.16),(3.2.17)",LATEX_SOURCE,TOKENIZER_HEURISTIC
SCIVAR-93ead42444058f7e,SCIEQ14-1fa8ee58dd1305de,t,UNKNOWN,VARIABLE_TOKEN,UNRESOLVED,LIT-KIRITSIS-SST,"p.16, eq.(3.2.16),(3.2.17)",LATEX_SOURCE,TOKENIZER_HEURISTIC
SCIVAR-664d18e67c66826a,SCIEQ14-1fa8ee58dd1305de,e,UNKNOWN,VARIABLE_TOKEN,UNRESOLVED,LIT-KIRITSIS-SST,"p.16, eq.(3.2.16),(3.2.17)",LATEX_SOURCE,TOKENIZER_HEURISTIC
SCIVAR-86623b0253acc754,SCIEQ14-1fa8ee58dd1305de,r,UNKNOWN,VARIABLE_TOKEN,UNRESOLVED,LIT-KIRITSIS-SST,"p.16, eq.(3.2.16),(3.2.17)",LATEX_SOURCE,TOKENIZER_HEURISTIC
SCIVAR-abddb721552c524e,SCIEQ14-1fa8ee58dd1305de,f,UNKNOWN,VARIABLE_TOKEN,UNRESOLVED,LIT-KIRITSIS-SST,"p.16, eq.(3.2.16),(3.2.17)",LATEX_SOURCE,TOKENIZER_HEURISTIC
SCIVAR-3a56b2291ecca47a,SCIEQ14-1fa8ee58dd1305de,b,UNKNOWN,VARIABLE_TOKEN,UNRESOLVED,LIT-KIRITSIS-SST,"p.16, eq.(3.2.16),(3.2.17)",LATEX_SOURCE,TOKENIZER_HEURISTIC
SCIVAR-62bc5d0a89c3f2ae,SCIEQ14-1fa8ee58dd1305de,d,UNKNOWN,VARIABLE_TOKEN,UNRESOLVED,LIT-KIRITSIS-SST,"p.16, eq.(3.2.16),(3.2.17)",LATEX_SOURCE,TOKENIZER_HEURISTIC
SCIVAR-4cdef0c1f089c726,SCIEQ14-1fa8ee58dd1305de,n,UNKNOWN,VARIABLE_TOKEN,UNRESOLVED,LIT-KIRITSIS-SST,"p.16, eq.(3.2.16),(3.2.17)",LATEX_SOURCE,TOKENIZER_HEURISTIC
SCIVAR-694b4a3caf453170,SCIEQ14-1fa8ee58dd1305de,\lambda_2,UNKNOWN,VARIABLE_TOKEN,INDEX_OR_SCALAR_UNRESOLVED,LIT-KIRITSIS-SST,"p.16, eq.(3.2.16),(3.2.17)",LATEX_SOURCE,TOKENIZER_HEURISTIC
SCIVAR-ca46a1ded9213dc0,SCIEQ14-1fa8ee58dd1305de,R^{(2)},UNKNOWN,VARIABLE_TOKEN,UNRESOLVED,LIT-KIRITSIS-SST,"p.16, eq.(3.2.16),(3.2.17)",LATEX_SOURCE,TOKENIZER_HEURISTIC
SCIVAR-3a98096423a8cb56,SCIEQ14-1fa8ee58dd1305de,G,UNKNOWN,VARIABLE_TOKEN,UNRESOLVED,LIT-KIRITSIS-SST,"p.16, eq.(3.2.16),(3.2.17)",LATEX_SOURCE,TOKENIZER_HEURISTIC
SCIVAR-f055b1e551578ee3,SCIEQ14-1fa8ee58dd1305de,u,UNKNOWN,VARIABLE_TOKEN,UNRESOLVED,LIT-KIRITSIS-SST,"p.16, eq.(3.2.16),(3.2.17)",LATEX_SOURCE,TOKENIZER_HEURISTIC
SCIVAR-8e193b280b378081,SCIEQ14-1fa8ee58dd1305de,B,UNKNOWN,VARIABLE_TOKEN,UNRESOLVED,LIT-KIRITSIS-SST,"p.16, eq.(3.2.16),(3.2.17)",LATEX_SOURCE,TOKENIZER_HEURISTIC
SCIVAR-6b2b43e7900081b3,SCIEQ14-1fa8ee58dd1305de,p,UNKNOWN,VARIABLE_TOKEN,UNRESOLVED,LIT-KIRITSIS-SST,"p.16, eq.(3.2.16),(3.2.17)",LATEX_SOURCE,TOKENIZER_HEURISTIC
SCIVAR-a57c1737234050e3,SCIEQ14-0db4d92b1deafdd2,X^\mu,UNKNOWN,VARIABLE_TOKEN,UNRESOLVED,LIT-KIRITSIS-SST,"p.16-17, eq.(3.2.18)-(3.2.24)",LATEX_SOURCE,TOKENIZER_HEURISTIC
SCIVAR-40255c69f188d80f,SCIEQ14-0db4d92b1deafdd2,\omega^\mu_{\ \nu},UNKNOWN,VARIABLE_TOKEN,INDEX_OR_SCALAR_UNRESOLVED,LIT-KIRITSIS-SST,"p.16-17, eq.(3.2.18)-(3.2.24)",LATEX_SOURCE,TOKENIZER_HEURISTIC
SCIVAR-1f473decebc2af44,SCIEQ14-0db4d92b1deafdd2,X^\nu,UNKNOWN,VARIABLE_TOKEN,UNRESOLVED,LIT-KIRITSIS-SST,"p.16-17, eq.(3.2.18)-(3.2.24)",LATEX_SOURCE,TOKENIZER_HEURISTIC
SCIVAR-5eff5b21edeb31f3,SCIEQ14-0db4d92b1deafdd2,\alpha^\mu,UNKNOWN,VARIABLE_TOKEN,INDEX_OR_SCALAR_UNRESOLVED,LIT-KIRITSIS-SST,"p.16-17, eq.(3.2.18)-(3.2.24)",LATEX_SOURCE,TOKENIZER_HEURISTIC
SCIVAR-58d9962041d7a715,SCIEQ14-0db4d92b1deafdd2,P,UNKNOWN,VARIABLE_TOKEN,UNRESOLVED,LIT-KIRITSIS-SST,"p.16-17, eq.(3.2.18)-(3.2.24)",LATEX_SOURCE,TOKENIZER_HEURISTIC
SCIVAR-8b35997388221fab,SCIEQ14-0db4d92b1deafdd2,o,UNKNOWN,VARIABLE_TOKEN,UNRESOLVED,LIT-KIRITSIS-SST,"p.16-17, eq.(3.2.18)-(3.2.24)",LATEX_SOURCE,TOKENIZER_HEURISTIC
SCIVAR-e77ffbdf001321e3,SCIEQ14-0db4d92b1deafdd2,i,UNKNOWN,VARIABLE_TOKEN,UNRESOLVED,LIT-KIRITSIS-SST,"p.16-17, eq.(3.2.18)-(3.2.24)",LATEX_SOURCE,TOKENIZER_HEURISTIC
SCIVAR-213933ac11e9826f,SCIEQ14-0db4d92b1deafdd2,n,UNKNOWN,VARIABLE_TOKEN,UNRESOLVED,LIT-KIRITSIS-SST,"p.16-17, eq.(3.2.18)-(3.2.24)",LATEX_SOURCE,TOKENIZER_HEURISTIC
SCIVAR-35bf0a8800a51859,SCIEQ14-0db4d92b1deafdd2,c,UNKNOWN,VARIABLE_TOKEN,UNRESOLVED,LIT-KIRITSIS-SST,"p.16-17, eq.(3.2.18)-(3.2.24)",LATEX_SOURCE,TOKENIZER_HEURISTIC
SCIVAR-46c0cde3af5761d8,SCIEQ14-0db4d92b1deafdd2,a,UNKNOWN,VARIABLE_TOKEN,UNRESOLVED,LIT-KIRITSIS-SST,"p.16-17, eq.(3.2.18)-(3.2.24)",LATEX_SOURCE,TOKENIZER_HEURISTIC
SCIVAR-f025ebbff3fe44de,SCIEQ14-0db4d92b1deafdd2,r,UNKNOWN,VARIABLE_TOKEN,UNRESOLVED,LIT-KIRITSIS-SST,"p.16-17, eq.(3.2.18)-(3.2.24)",LATEX_SOURCE,TOKENIZER_HEURISTIC
SCIVAR-bc27fb00d234ee7c,SCIEQ14-0db4d92b1deafdd2,e,UNKNOWN,VARIABLE_TOKEN,UNRESOLVED,LIT-KIRITSIS-SST,"p.16-17, eq.(3.2.18)-(3.2.24)",LATEX_SOURCE,TOKENIZER_HEURISTIC
SCIVAR-9cd5459815494b30,SCIEQ14-0db4d92b1deafdd2,g_{\alpha\beta},UNKNOWN,VARIABLE_TOKEN,UNRESOLVED,LIT-KIRITSIS-SST,"p.16-17, eq.(3.2.18)-(3.2.24)",LATEX_SOURCE,TOKENIZER_HEURISTIC
SCIVAR-1816a022c65b7de0,SCIEQ14-0db4d92b1deafdd2,\xi_\beta,UNKNOWN,VARIABLE_TOKEN,INDEX_OR_SCALAR_UNRESOLVED,LIT-KIRITSIS-SST,"p.16-17, eq.(3.2.18)-(3.2.24)",LATEX_SOURCE,TOKENIZER_HEURISTIC
SCIVAR-d08bc893df2c25b5,SCIEQ14-0db4d92b1deafdd2,\xi_\alpha,UNKNOWN,VARIABLE_TOKEN,INDEX_OR_SCALAR_UNRESOLVED,LIT-KIRITSIS-SST,"p.16-17, eq.(3.2.18)-(3.2.24)",LATEX_SOURCE,TOKENIZER_HEURISTIC
SCIVAR-56499a1e69dd60bd,SCIEQ14-0db4d92b1deafdd2,p,UNKNOWN,VARIABLE_TOKEN,UNRESOLVED,LIT-KIRITSIS-SST,"p.16-17, eq.(3.2.18)-(3.2.24)",LATEX_SOURCE,TOKENIZER_HEURISTIC
SCIVAR-60e43cf53b727028,SCIEQ14-0db4d92b1deafdd2,m,UNKNOWN,VARIABLE_TOKEN,UNRESOLVED,LIT-KIRITSIS-SST,"p.16-17, eq.(3.2.18)-(3.2.24)",LATEX_SOURCE,TOKENIZER_HEURISTIC
SCIVAR-95723d232a36f63d,SCIEQ14-0db4d92b1deafdd2,\Lambda,UNKNOWN,VARIABLE_TOKEN,INDEX_OR_SCALAR_UNRESOLVED,LIT-KIRITSIS-SST,"p.16-17, eq.(3.2.18)-(3.2.24)",LATEX_SOURCE,TOKENIZER_HEURISTIC
SCIVAR-a5da9e568e0d87f6,SCIEQ14-0db4d92b1deafdd2,W,UNKNOWN,VARIABLE_TOKEN,UNRESOLVED,LIT-KIRITSIS-SST,"p.16-17, eq.(3.2.18)-(3.2.24)",LATEX_SOURCE,TOKENIZER_HEURISTIC
SCIVAR-23abf3e33e914c9f,SCIEQ14-0db4d92b1deafdd2,y,UNKNOWN,VARIABLE_TOKEN,UNRESOLVED,LIT-KIRITSIS-SST,"p.16-17, eq.(3.2.18)-(3.2.24)",LATEX_SOURCE,TOKENIZER_HEURISTIC
SCIVAR-334e95ee20169833,SCIEQ14-0db4d92b1deafdd2,l,UNKNOWN,VARIABLE_TOKEN,UNRESOLVED,LIT-KIRITSIS-SST,"p.16-17, eq.(3.2.18)-(3.2.24)",LATEX_SOURCE,TOKENIZER_HEURISTIC
SCIVAR-ca768e78badf2ae1,SCIEQ14-7daaa97b150a706b,X^\mu,UNKNOWN,VARIABLE_TOKEN,UNRESOLVED,LIT-KIRITSIS-SST,"p.18, eq.(3.2.34)-(3.2.37)",LATEX_SOURCE,TOKENIZER_HEURISTIC
SCIVAR-5e8c5445dc8a37e7,SCIEQ14-7daaa97b150a706b,e,UNKNOWN,VARIABLE_TOKEN,UNRESOLVED,LIT-KIRITSIS-SST,"p.18, eq.(3.2.34)-(3.2.37)",LATEX_SOURCE,TOKENIZER_HEURISTIC
SCIVAR-e31d63643c5cdbc0,SCIEQ14-7daaa97b150a706b,o,UNKNOWN,VARIABLE_TOKEN,UNRESOLVED,LIT-KIRITSIS-SST,"p.18, eq.(3.2.34)-(3.2.37)",LATEX_SOURCE,TOKENIZER_HEURISTIC
SCIVAR-f414c09aa7742e98,SCIEQ14-7daaa97b150a706b,m,UNKNOWN,VARIABLE_TOKEN,UNRESOLVED,LIT-KIRITSIS-SST,"p.18, eq.(3.2.34)-(3.2.37)",LATEX_SOURCE,TOKENIZER_HEURISTIC
SCIVAR-146258d4d578a997,SCIEQ14-7daaa97b150a706b,c,UNKNOWN,VARIABLE_TOKEN,UNRESOLVED,LIT-KIRITSIS-SST,"p.18, eq.(3.2.34)-(3.2.37)",LATEX_SOURCE,TOKENIZER_HEURISTIC
SCIVAR-0280fbf13682a022,SCIEQ14-7daaa97b150a706b,n,UNKNOWN,VARIABLE_TOKEN,UNRESOLVED,LIT-KIRITSIS-SST,"p.18, eq.(3.2.34)-(3.2.37)",LATEX_SOURCE,TOKENIZER_HEURISTIC
SCIVAR-eafa244cbfbcf73c,SCIEQ14-7daaa97b150a706b,f,UNKNOWN,VARIABLE_TOKEN,UNRESOLVED,LIT-KIRITSIS-SST,"p.18, eq.(3.2.34)-(3.2.37)",LATEX_SOURCE,TOKENIZER_HEURISTIC
SCIVAR-bc915e7e17ba1fc3,SCIEQ14-7daaa97b150a706b,r,UNKNOWN,VARIABLE_TOKEN,UNRESOLVED,LIT-KIRITSIS-SST,"p.18, eq.(3.2.34)-(3.2.37)",LATEX_SOURCE,TOKENIZER_HEURISTIC
SCIVAR-39453c27105e46eb,SCIEQ14-7daaa97b150a706b,a,UNKNOWN,VARIABLE_TOKEN,UNRESOLVED,LIT-KIRITSIS-SST,"p.18, eq.(3.2.34)-(3.2.37)",LATEX_SOURCE,TOKENIZER_HEURISTIC
SCIVAR-31b61aad01d76c65,SCIEQ14-7daaa97b150a706b,l,UNKNOWN,VARIABLE_TOKEN,UNRESOLVED,LIT-KIRITSIS-SST,"p.18, eq.(3.2.34)-(3.2.37)",LATEX_SOURCE,TOKENIZER_HEURISTIC
SCIVAR-df4412d5a8088d91,SCIEQ14-7daaa97b150a706b,g,UNKNOWN,VARIABLE_TOKEN,UNRESOLVED,LIT-KIRITSIS-SST,"p.18, eq.(3.2.34)-(3.2.37)",LATEX_SOURCE,TOKENIZER_HEURISTIC
SCIVAR-cd799a6ca2bb3201,SCIEQ14-7daaa97b150a706b,u,UNKNOWN,VARIABLE_TOKEN,UNRESOLVED,LIT-KIRITSIS-SST,"p.18, eq.(3.2.34)-(3.2.37)",LATEX_SOURCE,TOKENIZER_HEURISTIC
SCIVAR-33b672ecf1dce235,SCIEQ14-7daaa97b150a706b,T_{\alpha\beta},UNKNOWN,VARIABLE_TOKEN,UNRESOLVED,LIT-KIRITSIS-SST,"p.18, eq.(3.2.34)-(3.2.37)",LATEX_SOURCE,TOKENIZER_HEURISTIC
SCIVAR-623fd134e169eab9,SCIEQ14-7daaa97b150a706b,V,UNKNOWN,VARIABLE_TOKEN,UNRESOLVED,LIT-KIRITSIS-SST,"p.18, eq.(3.2.34)-(3.2.37)",LATEX_SOURCE,TOKENIZER_HEURISTIC
SCIVAR-55925a4646a92cf9,SCIEQ14-7daaa97b150a706b,i,UNKNOWN,VARIABLE_TOKEN,UNRESOLVED,LIT-KIRITSIS-SST,"p.18, eq.(3.2.34)-(3.2.37)",LATEX_SOURCE,TOKENIZER_HEURISTIC
SCIVAR-569104527ee3aba5,SCIEQ14-7daaa97b150a706b,s,UNKNOWN,VARIABLE_TOKEN,UNRESOLVED,LIT-KIRITSIS-SST,"p.18, eq.(3.2.34)-(3.2.37)",LATEX_SOURCE,TOKENIZER_HEURISTIC
SCIVAR-504f20e67b4655d3,SCIEQ14-7daaa97b150a706b,t,UNKNOWN,VARIABLE_TOKEN,UNRESOLVED,LIT-KIRITSIS-SST,"p.18, eq.(3.2.34)-(3.2.37)",LATEX_SOURCE,TOKENIZER_HEURISTIC
SCIVAR-b9285d737805be0d,SCIEQ14-bde51406a61b96e9,Q_f,UNKNOWN,VARIABLE_TOKEN,UNRESOLVED,LIT-KIRITSIS-SST,"p.18-19, eq.(3.2.41)-(3.2.46)",LATEX_SOURCE,TOKENIZER_HEURISTIC
SCIVAR-8630e85ecb1badef,SCIEQ14-bde51406a61b96e9,d,UNKNOWN,VARIABLE_TOKEN,UNRESOLVED,LIT-KIRITSIS-SST,"p.18-19, eq.(3.2.41)-(3.2.46)",LATEX_SOURCE,TOKENIZER_HEURISTIC
SCIVAR-c9dc391396d56ced,SCIEQ14-bde51406a61b96e9,\sigma,UNKNOWN,VARIABLE_TOKEN,INDEX_OR_SCALAR_UNRESOLVED,LIT-KIRITSIS-SST,"p.18-19, eq.(3.2.41)-(3.2.46)",LATEX_SOURCE,TOKENIZER_HEURISTIC
SCIVAR-72b2924462bb710c,SCIEQ14-bde51406a61b96e9,f,UNKNOWN,VARIABLE_TOKEN,UNRESOLVED,LIT-KIRITSIS-SST,"p.18-19, eq.(3.2.41)-(3.2.46)",LATEX_SOURCE,TOKENIZER_HEURISTIC
SCIVAR-46ec17dd30ba1f79,SCIEQ14-bde51406a61b96e9,\xi^+,UNKNOWN,VARIABLE_TOKEN,INDEX_OR_SCALAR_UNRESOLVED,LIT-KIRITSIS-SST,"p.18-19, eq.(3.2.41)-(3.2.46)",LATEX_SOURCE,TOKENIZER_HEURISTIC
SCIVAR-c74528995019a2e5,SCIEQ14-bde51406a61b96e9,T_{++},UNKNOWN,VARIABLE_TOKEN,UNRESOLVED,LIT-KIRITSIS-SST,"p.18-19, eq.(3.2.41)-(3.2.46)",LATEX_SOURCE,TOKENIZER_HEURISTIC
SCIVAR-576312afa5f2799f,SCIEQ14-bde51406a61b96e9,P_\mu^\alpha,UNKNOWN,VARIABLE_TOKEN,UNRESOLVED,LIT-KIRITSIS-SST,"p.18-19, eq.(3.2.41)-(3.2.46)",LATEX_SOURCE,TOKENIZER_HEURISTIC
SCIVAR-951d8100dce93af3,SCIEQ14-bde51406a61b96e9,T,UNKNOWN,VARIABLE_TOKEN,UNRESOLVED,LIT-KIRITSIS-SST,"p.18-19, eq.(3.2.41)-(3.2.46)",LATEX_SOURCE,TOKENIZER_HEURISTIC
SCIVAR-0cffd06e21785977,SCIEQ14-bde51406a61b96e9,g,UNKNOWN,VARIABLE_TOKEN,UNRESOLVED,LIT-KIRITSIS-SST,"p.18-19, eq.(3.2.41)-(3.2.46)",LATEX_SOURCE,TOKENIZER_HEURISTIC
SCIVAR-66307a138c08913a,SCIEQ14-bde51406a61b96e9,g^{\alpha\beta},UNKNOWN,VARIABLE_TOKEN,UNRESOLVED,LIT-KIRITSIS-SST,"p.18-19, eq.(3.2.41)-(3.2.46)",LATEX_SOURCE,TOKENIZER_HEURISTIC
SCIVAR-562dc1a936935f20,SCIEQ14-bde51406a61b96e9,X_\mu,UNKNOWN,VARIABLE_TOKEN,UNRESOLVED,LIT-KIRITSIS-SST,"p.18-19, eq.(3.2.41)-(3.2.46)",LATEX_SOURCE,TOKENIZER_HEURISTIC
SCIVAR-a9b923e9db839602,SCIEQ14-bde51406a61b96e9,J_{\mu\nu}^\alpha,UNKNOWN,VARIABLE_TOKEN,UNRESOLVED,LIT-KIRITSIS-SST,"p.18-19, eq.(3.2.41)-(3.2.46)",LATEX_SOURCE,TOKENIZER_HEURISTIC
SCIVAR-5bbfb76ceb34d93a,SCIEQ14-bde51406a61b96e9,X_\nu,UNKNOWN,VARIABLE_TOKEN,UNRESOLVED,LIT-KIRITSIS-SST,"p.18-19, eq.(3.2.41)-(3.2.46)",LATEX_SOURCE,TOKENIZER_HEURISTIC
SCIVAR-160d45bf06d79605,SCIEQ14-6314064e70afa0d6,X^\mu,UNKNOWN,VARIABLE_TOKEN,UNRESOLVED,LIT-KIRITSIS-SST,"p.19-20, eq.(3.3.2)-(3.3.9)",LATEX_SOURCE,TOKENIZER_HEURISTIC
SCIVAR-82c286b687f636bb,SCIEQ14-6314064e70afa0d6,\tau,UNKNOWN,VARIABLE_TOKEN,INDEX_OR_SCALAR_UNRESOLVED,LIT-KIRITSIS-SST,"p.19-20, eq.(3.3.2)-(3.3.9)",LATEX_SOURCE,TOKENIZER_HEURISTIC
SCIVAR-ff0e45a08957c6a7,SCIEQ14-6314064e70afa0d6,\sigma,UNKNOWN,VARIABLE_TOKEN,INDEX_OR_SCALAR_UNRESOLVED,LIT-KIRITSIS-SST,"p.19-20, eq.(3.3.2)-(3.3.9)",LATEX_SOURCE,TOKENIZER_HEURISTIC
SCIVAR-dd87e78f0d07abad,SCIEQ14-6314064e70afa0d6,X_L^\mu,UNKNOWN,VARIABLE_TOKEN,UNRESOLVED,LIT-KIRITSIS-SST,"p.19-20, eq.(3.3.2)-(3.3.9)",LATEX_SOURCE,TOKENIZER_HEURISTIC
SCIVAR-656db27f1f344227,SCIEQ14-6314064e70afa0d6,X_R^\mu,UNKNOWN,VARIABLE_TOKEN,UNRESOLVED,LIT-KIRITSIS-SST,"p.19-20, eq.(3.3.2)-(3.3.9)",LATEX_SOURCE,TOKENIZER_HEURISTIC
SCIVAR-8342fd844e3e0453,SCIEQ14-6314064e70afa0d6,\alpha_0^\mu,UNKNOWN,VARIABLE_TOKEN,INDEX_OR_SCALAR_UNRESOLVED,LIT-KIRITSIS-SST,"p.19-20, eq.(3.3.2)-(3.3.9)",LATEX_SOURCE,TOKENIZER_HEURISTIC
SCIVAR-ffa22f1bb6a08c43,SCIEQ14-6314064e70afa0d6,\bar\alpha_0^\mu,UNKNOWN,VARIABLE_TOKEN,UNRESOLVED,LIT-KIRITSIS-SST,"p.19-20, eq.(3.3.2)-(3.3.9)",LATEX_SOURCE,TOKENIZER_HEURISTIC
SCIVAR-899467019e348bd1,SCIEQ14-6314064e70afa0d6,\pi,UNKNOWN,VARIABLE_TOKEN,INDEX_OR_SCALAR_UNRESOLVED,LIT-KIRITSIS-SST,"p.19-20, eq.(3.3.2)-(3.3.9)",LATEX_SOURCE,TOKENIZER_HEURISTIC
SCIVAR-35db29ede8d06ced,SCIEQ14-6314064e70afa0d6,T,UNKNOWN,VARIABLE_TOKEN,UNRESOLVED,LIT-KIRITSIS-SST,"p.19-20, eq.(3.3.2)-(3.3.9)",LATEX_SOURCE,TOKENIZER_HEURISTIC
SCIVAR-c40791c43025f33d,SCIEQ14-6314064e70afa0d6,p^\mu,UNKNOWN,VARIABLE_TOKEN,UNRESOLVED,LIT-KIRITSIS-SST,"p.19-20, eq.(3.3.2)-(3.3.9)",LATEX_SOURCE,TOKENIZER_HEURISTIC
SCIVAR-0b5d999ab006a047,SCIEQ14-92184d700fdbe1c8,X^\mu,UNKNOWN,VARIABLE_TOKEN,UNRESOLVED,LIT-KIRITSIS-SST,"p.21, eq.(3.3.16),(3.3.17)",LATEX_SOURCE,TOKENIZER_HEURISTIC
SCIVAR-8cc54ac617e3cc24,SCIEQ14-92184d700fdbe1c8,\sigma,UNKNOWN,VARIABLE_TOKEN,INDEX_OR_SCALAR_UNRESOLVED,LIT-KIRITSIS-SST,"p.21, eq.(3.3.16),(3.3.17)",LATEX_SOURCE,TOKENIZER_HEURISTIC
SCIVAR-79ce811a3e80ed1a,SCIEQ14-92184d700fdbe1c8,\tau,UNKNOWN,VARIABLE_TOKEN,INDEX_OR_SCALAR_UNRESOLVED,LIT-KIRITSIS-SST,"p.21, eq.(3.3.16),(3.3.17)",LATEX_SOURCE,TOKENIZER_HEURISTIC
SCIVAR-0a3d45cb0b0af2d2,SCIEQ14-92184d700fdbe1c8,\dot X^\nu,UNKNOWN,VARIABLE_TOKEN,UNRESOLVED,LIT-KIRITSIS-SST,"p.21, eq.(3.3.16),(3.3.17)",LATEX_SOURCE,TOKENIZER_HEURISTIC
SCIVAR-d35cb5254692e8c4,SCIEQ14-92184d700fdbe1c8,P,UNKNOWN,VARIABLE_TOKEN,UNRESOLVED,LIT-KIRITSIS-SST,"p.21, eq.(3.3.16),(3.3.17)",LATEX_SOURCE,TOKENIZER_HEURISTIC
SCIVAR-fbe50a548b2ca3a6,SCIEQ14-92184d700fdbe1c8,B,UNKNOWN,VARIABLE_TOKEN,UNRESOLVED,LIT-KIRITSIS-SST,"p.21, eq.(3.3.16),(3.3.17)",LATEX_SOURCE,TOKENIZER_HEURISTIC
SCIVAR-520c50b64ff522a7,SCIEQ14-92184d700fdbe1c8,T,UNKNOWN,VARIABLE_TOKEN,UNRESOLVED,LIT-KIRITSIS-SST,"p.21, eq.(3.3.16),(3.3.17)",LATEX_SOURCE,TOKENIZER_HEURISTIC
SCIVAR-0e528bf4e432cf57,SCIEQ14-92184d700fdbe1c8,\eta^{\mu\nu},UNKNOWN,VARIABLE_TOKEN,INDEX_OR_SCALAR_UNRESOLVED,LIT-KIRITSIS-SST,"p.21, eq.(3.3.16),(3.3.17)",LATEX_SOURCE,TOKENIZER_HEURISTIC
SCIVAR-a53690483a29eed4,SCIEQ14-92184d700fdbe1c8,\alpha_m^\mu,UNKNOWN,VARIABLE_TOKEN,INDEX_OR_SCALAR_UNRESOLVED,LIT-KIRITSIS-SST,"p.21, eq.(3.3.16),(3.3.17)",LATEX_SOURCE,TOKENIZER_HEURISTIC
SCIVAR-c4bd7206e5bf2612,SCIEQ14-92184d700fdbe1c8,\alpha_n^\nu,UNKNOWN,VARIABLE_TOKEN,INDEX_OR_SCALAR_UNRESOLVED,LIT-KIRITSIS-SST,"p.21, eq.(3.3.16),(3.3.17)",LATEX_SOURCE,TOKENIZER_HEURISTIC
SCIVAR-40766753eb34bce1,SCIEQ14-92184d700fdbe1c8,\bar\alpha_m^\mu,UNKNOWN,VARIABLE_TOKEN,UNRESOLVED,LIT-KIRITSIS-SST,"p.21, eq.(3.3.16),(3.3.17)",LATEX_SOURCE,TOKENIZER_HEURISTIC
SCIVAR-9273b0bb727dbac6,SCIEQ14-92184d700fdbe1c8,\bar\alpha_n^\nu,UNKNOWN,VARIABLE_TOKEN,UNRESOLVED,LIT-KIRITSIS-SST,"p.21, eq.(3.3.16),(3.3.17)",LATEX_SOURCE,TOKENIZER_HEURISTIC
SCIVAR-ca08a3251b383877,SCIEQ14-92184d700fdbe1c8,i,UNKNOWN,VARIABLE_TOKEN,UNRESOLVED,LIT-KIRITSIS-SST,"p.21, eq.(3.3.16),(3.3.17)",LATEX_SOURCE,TOKENIZER_HEURISTIC
SCIVAR-82fcb08b8c5d2fa3,SCIEQ14-92184d700fdbe1c8,m,UNKNOWN,VARIABLE_TOKEN,UNRESOLVED,LIT-KIRITSIS-SST,"p.21, eq.(3.3.16),(3.3.17)",LATEX_SOURCE,TOKENIZER_HEURISTIC
SCIVAR-b2f52f38f38848a7,SCIEQ14-154d2edfcb91e9d6,L_m,UNKNOWN,VARIABLE_TOKEN,UNRESOLVED,LIT-KIRITSIS-SST,"p.22, eq.(3.3.21)-(3.3.27)",LATEX_SOURCE,TOKENIZER_HEURISTIC
SCIVAR-36e1345a67730cf2,SCIEQ14-154d2edfcb91e9d6,\alpha_{m-n},UNKNOWN,VARIABLE_TOKEN,INDEX_OR_SCALAR_UNRESOLVED,LIT-KIRITSIS-SST,"p.22, eq.(3.3.21)-(3.3.27)",LATEX_SOURCE,TOKENIZER_HEURISTIC
SCIVAR-5f5ee92289327c15,SCIEQ14-154d2edfcb91e9d6,\alpha_n,UNKNOWN,VARIABLE_TOKEN,INDEX_OR_SCALAR_UNRESOLVED,LIT-KIRITSIS-SST,"p.22, eq.(3.3.21)-(3.3.27)",LATEX_SOURCE,TOKENIZER_HEURISTIC
SCIVAR-d37eb79096a5f7e1,SCIEQ14-154d2edfcb91e9d6,L_n,UNKNOWN,VARIABLE_TOKEN,UNRESOLVED,LIT-KIRITSIS-SST,"p.22, eq.(3.3.21)-(3.3.27)",LATEX_SOURCE,TOKENIZER_HEURISTIC
SCIVAR-fd5f491cf1bb5bd4,SCIEQ14-154d2edfcb91e9d6,P,UNKNOWN,VARIABLE_TOKEN,UNRESOLVED,LIT-KIRITSIS-SST,"p.22, eq.(3.3.21)-(3.3.27)",LATEX_SOURCE,TOKENIZER_HEURISTIC
SCIVAR-088ed7ecb309707a,SCIEQ14-154d2edfcb91e9d6,B,UNKNOWN,VARIABLE_TOKEN,UNRESOLVED,LIT-KIRITSIS-SST,"p.22, eq.(3.3.21)-(3.3.27)",LATEX_SOURCE,TOKENIZER_HEURISTIC
SCIVAR-d43db0eaa0039eec,SCIEQ14-154d2edfcb91e9d6,i,UNKNOWN,VARIABLE_TOKEN,UNRESOLVED,LIT-KIRITSIS-SST,"p.22, eq.(3.3.21)-(3.3.27)",LATEX_SOURCE,TOKENIZER_HEURISTIC
SCIVAR-5dd39d20711d9032,SCIEQ14-154d2edfcb91e9d6,m,UNKNOWN,VARIABLE_TOKEN,UNRESOLVED,LIT-KIRITSIS-SST,"p.22, eq.(3.3.21)-(3.3.27)",LATEX_SOURCE,TOKENIZER_HEURISTIC
SCIVAR-a054af70a43ae4a5,SCIEQ14-154d2edfcb91e9d6,n,UNKNOWN,VARIABLE_TOKEN,UNRESOLVED,LIT-KIRITSIS-SST,"p.22, eq.(3.3.21)-(3.3.27)",LATEX_SOURCE,TOKENIZER_HEURISTIC
SCIVAR-2063cbb04e9dbe61,SCIEQ14-154d2edfcb91e9d6,L_{m+n},UNKNOWN,VARIABLE_TOKEN,UNRESOLVED,LIT-KIRITSIS-SST,"p.22, eq.(3.3.21)-(3.3.27)",LATEX_SOURCE,TOKENIZER_HEURISTIC
