GAP_ID,MDCL_BRANCH,MISSING_STRUCTURE,STRING_CORPUS_STATUS,REASON,NEXT_ACTION
GAP-001,Variational,UOC-specific field content and Lagrangian density,NO SUPPORT -- corpus supplies only the generic action->EOM machinery for string-specific fields (X^mu embedding coordinates),the missing piece was never a generic variational-principle gap; it is the absence of a UOC field content to apply it to,none pursued -- would require choosing UOC-specific fields not licensed by this corpus
GAP-002,Symmetry,Noether-theorem implementation for a UOC Lagrangian,PARTIAL SUPPORT -- ST-022 gives a complete worked Noether-current template,template is for Poincare symmetry of X^mu; would need adaptation once VARIATIONAL-NODE exists,candidate for RECOVERY-STR-001 (see STRING_THEORY_PROPOSED_RECOVERIES/)
GAP-003,Conservation,conservation-law verification method,PARTIAL SUPPORT -- ST-022 direct corollary,same caveat as GAP-002,subsumed under RECOVERY-STR-001
GAP-004,Geometry/GR,target-spacetime metric/curvature/Einstein-equation derivation,NO SUPPORT IN PAGES READ -- only 2D worldsheet geometry was read; the target-space bridge (Tong Sec 7.1) was not read this phase,corpus likely contains this (TOC confirms Sec 7.1 'Einstein's Equations' exists) but was not extracted,flagged as highest-priority unread section for a future deeper pass
GAP-005,Thermodynamics,thermodynamic recovery core,NO SUPPORT -- not located anywhere in pages read or visible TOC section titles,neither source appears to contain classical thermodynamics content in the sections read,none -- would require a dedicated thermodynamics reference
GAP-006,Gauge/Standard Model,gauge-symmetry-emergence / Yang-Mills-from-strings derivation,NO SUPPORT IN PAGES READ -- Tong Sec 7.7 'The Yang-Mills Action' and Sec 8 compactification not read; Tong SM/Gauge Theory notes themselves failed to download (see LITERATURE_DOWNLOAD_MANIFEST.json),genuine acquisition + reading gap, not a corpus-content gap,flagged as second-highest-priority unread section
GAP-007,Cosmology,early/late-universe evolution equations,NO SUPPORT -- only a single passing Introduction sentence on the cosmological constant (Tong p.7),no derivation present in pages read,none pursued
GAP-008,Quantum,canonical quantization of the string,NOT YET DETERMINED -- Tong Ch.2 / Kiritsis Ch.4 not read this phase; only the classical precursor (Poisson-bracket algebra ST-024) was read,genuine reading gap,flagged as third-priority unread section
GAP-009,Spectral,none -- branch already fully closed,NOT APPLICABLE -- ST-025's classical Virasoro algebra is confirmed mathematically INDEPENDENT of the existing graph-Laplacian spectral branch,no gap exists to fill; corpus content here is irrelevant to this branch,no action
